2025-12-28 18:38:11 : info: [Frontend Service] Client disconnected and removed from session: session_1766919068677_nt88917
2025-12-28 18:38:14 : info: [Frontend Service] Client connected: gR38eLaLSxa63UKDAAAf
2025-12-28 18:38:23 : info: [Frontend Service] Unregistered client disconnected: gR38eLaLSxa63UKDAAAf
2025-12-28 18:39:06 : info: [SERVICE] Saving video chunk for session session_1766927328421_pqjqvq1
2025-12-28 18:39:07 : info: [SERVICE] Saving audio chunk for session session_1766927328421_pqjqvq1
2025-12-28 18:39:07 : info: [SERVICE] Saving video chunk for session session_1766927328421_pqjqvq1
2025-12-28 18:39:07 : info: [S3 Service] Successfully uploaded temp-events/session_1766927328421_pqjqvq1.json to S3
2025-12-28 18:39:07 : info: [SERVICE] Appended 2 events to S3 temp and memory for session: session_1766927328421_pqjqvq1
2025-12-28 18:39:07 : info: [S3 Service] Successfully uploaded temp-events/session_1766927328421_pqjqvq1.json to S3
2025-12-28 18:39:07 : info: [SERVICE] Appended 7 events to S3 temp and memory for session: session_1766927328421_pqjqvq1
2025-12-28 18:39:08 : info: [S3 Service] Successfully uploaded temp-events/session_1766927328421_pqjqvq1.json to S3
2025-12-28 18:39:08 : info: [SERVICE] Appended 7 events to S3 temp and memory for session: session_1766927328421_pqjqvq1
2025-12-28 18:39:08 : info: [SERVICE] Saving video chunk for session session_1766927328421_pqjqvq1
2025-12-28 18:39:09 : info: [SERVICE] Saving audio chunk for session session_1766927328421_pqjqvq1
2025-12-28 18:39:09 : info: [SERVICE] Saving video chunk for session session_1766927328421_pqjqvq1
2025-12-28 18:39:09 : info: [S3 Service] Successfully uploaded temp-events/session_1766927328421_pqjqvq1.json to S3
2025-12-28 18:39:09 : info: [SERVICE] Appended 1 events to S3 temp and memory for session: session_1766927328421_pqjqvq1
2025-12-28 18:39:10 : info: [SERVICE] Saving video chunk for session session_1766927328421_pqjqvq1
2025-12-28 18:39:10 : info: [S3 Service] Successfully uploaded temp-events/session_1766927328421_pqjqvq1.json to S3
2025-12-28 18:39:10 : info: [SERVICE] Appended 2 events to S3 temp and memory for session: session_1766927328421_pqjqvq1
2025-12-28 18:39:11 : info: [SERVICE] Saving audio chunk for session session_1766927328421_pqjqvq1
2025-12-28 18:39:11 : info: [S3 Service] Successfully uploaded temp-events/session_1766927328421_pqjqvq1.json to S3
2025-12-28 18:39:11 : info: [SERVICE] Appended 1 events to S3 temp and memory for session: session_1766927328421_pqjqvq1
2025-12-28 18:39:11 : info: [SERVICE] Saving video chunk for session session_1766927328421_pqjqvq1
2025-12-28 18:39:12 : info: [S3 Service] Successfully uploaded temp-events/session_1766927328421_pqjqvq1.json to S3
2025-12-28 18:39:12 : info: [SERVICE] Appended 1 events to S3 temp and memory for session: session_1766927328421_pqjqvq1
2025-12-28 18:39:13 : info: [SERVICE] Saving video chunk for session session_1766927328421_pqjqvq1
2025-12-28 18:39:13 : info: [SERVICE] Saving audio chunk for session session_1766927328421_pqjqvq1
2025-12-28 18:39:13 : info: [S3 Service] Successfully uploaded temp-events/session_1766927328421_pqjqvq1.json to S3
2025-12-28 18:39:13 : info: [SERVICE] Appended 1 events to S3 temp and memory for session: session_1766927328421_pqjqvq1
2025-12-28 18:39:14 : info: [SERVICE] Saving video chunk for session session_1766927328421_pqjqvq1
2025-12-28 18:39:14 : info: [S3 Service] Successfully uploaded temp-events/session_1766927328421_pqjqvq1.json to S3
2025-12-28 18:39:14 : info: [SERVICE] Appended 1 events to S3 temp and memory for session: session_1766927328421_pqjqvq1
2025-12-28 18:39:14 : info: [S3 Service] Successfully uploaded temp-events/session_1766927328421_pqjqvq1.json to S3
2025-12-28 18:39:14 : info: [SERVICE] Appended 1 events to S3 temp and memory for session: session_1766927328421_pqjqvq1
2025-12-28 18:39:15 : info: [SERVICE] Saving audio chunk for session session_1766927328421_pqjqvq1
2025-12-28 18:39:15 : info: [SERVICE] Saving video chunk for session session_1766927328421_pqjqvq1
2025-12-28 18:39:15 : info: [S3 Service] Successfully uploaded temp-events/session_1766927328421_pqjqvq1.json to S3
2025-12-28 18:39:15 : info: [SERVICE] Appended 1 events to S3 temp and memory for session: session_1766927328421_pqjqvq1
2025-12-28 18:39:16 : info: [SERVICE] Saving video chunk for session session_1766927328421_pqjqvq1
2025-12-28 18:39:17 : info: [S3 Service] Successfully uploaded temp-events/session_1766927328421_pqjqvq1.json to S3
2025-12-28 18:39:17 : info: [SERVICE] Appended 1 events to S3 temp and memory for session: session_1766927328421_pqjqvq1
2025-12-28 18:39:17 : info: [S3 Service] Successfully uploaded temp-events/session_1766927328421_pqjqvq1.json to S3
2025-12-28 18:39:17 : info: [SERVICE] Appended 2 events to S3 temp and memory for session: session_1766927328421_pqjqvq1
2025-12-28 18:39:17 : info: [SERVICE] Saving audio chunk for session session_1766927328421_pqjqvq1
2025-12-28 18:39:18 : info: [SERVICE] Saving video chunk for session session_1766927328421_pqjqvq1
2025-12-28 18:39:19 : info: [SERVICE] Saving audio chunk for session session_1766927328421_pqjqvq1
2025-12-28 18:39:19 : info: [SERVICE] Saving video chunk for session session_1766927328421_pqjqvq1
2025-12-28 18:39:20 : info: [SERVICE] Saving video chunk for session session_1766927328421_pqjqvq1
2025-12-28 18:39:21 : info: [SERVICE] Saving audio chunk for session session_1766927328421_pqjqvq1
2025-12-28 18:39:21 : info: [SERVICE] Saving video chunk for session session_1766927328421_pqjqvq1
2025-12-28 18:39:22 : info: [S3 Service] Successfully uploaded temp-events/session_1766927328421_pqjqvq1.json to S3
2025-12-28 18:39:22 : info: [SERVICE] Appended 1 events to S3 temp and memory for session: session_1766927328421_pqjqvq1
2025-12-28 18:39:22 : info: [S3 Service] Successfully uploaded temp-events/session_1766927328421_pqjqvq1.json to S3
2025-12-28 18:39:22 : info: [SERVICE] Appended 2 events to S3 temp and memory for session: session_1766927328421_pqjqvq1
2025-12-28 18:39:22 : info: [SERVICE] Saving video chunk for session session_1766927328421_pqjqvq1
2025-12-28 18:39:23 : info: [S3 Service] Successfully uploaded temp-events/session_1766927328421_pqjqvq1.json to S3
2025-12-28 18:39:23 : info: [SERVICE] Appended 1 events to S3 temp and memory for session: session_1766927328421_pqjqvq1
2025-12-28 18:39:23 : info: [SERVICE] Saving audio chunk for session session_1766927328421_pqjqvq1
2025-12-28 18:39:23 : info: [S3 Service] Successfully uploaded temp-events/session_1766927328421_pqjqvq1.json to S3
2025-12-28 18:39:23 : info: [SERVICE] Appended 1 events to S3 temp and memory for session: session_1766927328421_pqjqvq1
2025-12-28 18:39:24 : info: [SERVICE] Saving video chunk for session session_1766927328421_pqjqvq1
2025-12-28 18:39:24 : info: [S3 Service] Successfully uploaded temp-events/session_1766927328421_pqjqvq1.json to S3
2025-12-28 18:39:24 : info: [SERVICE] Appended 1 events to S3 temp and memory for session: session_1766927328421_pqjqvq1
2025-12-28 18:39:25 : info: [SERVICE] Saving video chunk for session session_1766927328421_pqjqvq1
2025-12-28 18:39:25 : info: [SERVICE] Saving audio chunk for session session_1766927328421_pqjqvq1
2025-12-28 18:39:26 : info: [SERVICE] Saving video chunk for session session_1766927328421_pqjqvq1
2025-12-28 18:39:27 : info: [SERVICE] Saving video chunk for session session_1766927328421_pqjqvq1
2025-12-28 18:39:27 : info: [SERVICE] Saving audio chunk for session session_1766927328421_pqjqvq1
2025-12-28 18:39:27 : info: [Recording Controller] 🏁 Finalizing session (Eager Flow): session_1766927328421_pqjqvq1
2025-12-28 18:39:27 : info: [SERVICE] Finalizing recording for session (S3 only): session_1766927328421_pqjqvq1
2025-12-28 18:39:28 : info: [S3 Service] Successfully uploaded recordings/session_1766927328421_pqjqvq1/video.webm to S3
2025-12-28 18:39:28 : info: [S3 Service] Successfully uploaded recordings/session_1766927328421_pqjqvq1/audio.webm to S3
2025-12-28 18:39:28 : info: [S3 Service] Successfully uploaded metadata/session_1766927328421_pqjqvq1.json to S3
2025-12-28 18:39:28 : info: [S3 Service] Successfully uploaded events/session_1766927328421_pqjqvq1.json to S3
2025-12-28 18:39:28 : info: [S3 Service] Successfully deleted temp-events/session_1766927328421_pqjqvq1.json from S3
2025-12-28 18:39:28 : warn: [Frontend Service] No client connected for session: session_1766927328421_pqjqvq1. Buffering video.
2025-12-28 18:39:28 : info: [Frontend Service] Buffered video message for session: session_1766927328421_pqjqvq1. Queue size: 1
2025-12-28 18:39:28 : warn: [Frontend Service] No client connected for session: session_1766927328421_pqjqvq1. Buffering audio.
2025-12-28 18:39:28 : info: [Frontend Service] Buffered audio message for session: session_1766927328421_pqjqvq1. Queue size: 2
2025-12-28 18:39:28 : info: [Recording Controller] 🤖 Starting Background AI Processing for: session_1766927328421_pqjqvq1
2025-12-28 18:39:28 : info: [Recording Controller] Transcribing audio file for session: session_1766927328421_pqjqvq1
2025-12-28 18:39:28 : info: [Deepgram] Transcribing file: D:\Code\FullStack\Clueso_Node_layer\src\uploads\audio_session_1766927328421_pqjqvq1.webm
2025-12-28 18:39:28 : info: [Deepgram] Building transcription options
2025-12-28 18:39:30 : info: [Frontend Service] Client connected: PCUzL0vNjmL_7OfVAAAh
2025-12-28 18:39:30 : info: [Frontend Service] Client PCUzL0vNjmL_7OfVAAAh registered for session: session_1766927328421_pqjqvq1
2025-12-28 18:39:30 : info: [Frontend Service] Flushing 2 buffered messages for session: session_1766927328421_pqjqvq1
2025-12-28 18:39:30 : info: [Frontend Service] Sending buffered video to session: session_1766927328421_pqjqvq1
2025-12-28 18:39:30 : info: [Frontend Service] Sending buffered audio to session: session_1766927328421_pqjqvq1
2025-12-28 18:39:31 : info: [Deepgram] File transcription complete
2025-12-28 18:39:31 : info: [Deepgram] Formatting result
2025-12-28 18:39:31 : info: [Deepgram] Saved full response to: D:\Code\FullStack\Clueso_Node_layer\deepgram_sessions\deepgram_session_1766927328421_pqjqvq1.json
2025-12-28 18:39:31 : info: [Deepgram] Final timeline built with
2025-12-28 18:39:31 : info: [S3 Service] Successfully uploaded recordings/session_1766927328421_pqjqvq1/deepgram.json to S3
2025-12-28 18:39:31 : info: [S3 Service] Successfully uploaded metadata/session_1766927328421_pqjqvq1.json to S3
2025-12-28 18:39:31 : info: [SERVICE] Deepgram status and duration updated in S3 for session: session_1766927328421_pqjqvq1
2025-12-28 18:39:31 : info: [Python Controller] Processing with AI:
2025-12-28 18:39:31 : info: [Python Controller] - Text: "This is, uh, using another, um, recording. This is the overview and integration part in this environ..."
2025-12-28 18:39:31 : info: [Python Controller] - DOM Events: 34
2025-12-28 18:39:31 : info: [Python Controller] - Has Deepgram Response: true
2025-12-28 18:39:31 : info: [Python Controller] - Audio Path: D:\Code\FullStack\Clueso_Node_layer\src\uploads\audio_session_1766927328421_pqjqvq1.webm
2025-12-28 18:39:31 : info: [Python Controller] - Session ID: session_1766927328421_pqjqvq1
2025-12-28 18:39:31 : info: [Python Service] Sending session reference session_1766927328421_pqjqvq1 to Python layer
2025-12-28 18:39:38 : info: [Python Service] Successfully received response from Python layer
2025-12-28 18:39:38 : info: [Python Controller] Successfully received response from Python layer
2025-12-28 18:39:38 : info: [Python Controller] Python response:
2025-12-28 18:39:38 : info: [Python Controller] Broadcasting 6 instructions to frontend
2025-12-28 18:39:38 : info: [Frontend Service] Sending Python-processed instructions to session: session_1766927328421_pqjqvq1
2025-12-28 18:39:38 : info: [Frontend Service] Sending Python-processed instructions to session: session_1766927328421_pqjqvq1
2025-12-28 18:39:38 : info: [Frontend Service] Sending Python-processed instructions to session: session_1766927328421_pqjqvq1
2025-12-28 18:39:38 : info: [Frontend Service] Sending Python-processed instructions to session: session_1766927328421_pqjqvq1
2025-12-28 18:39:38 : info: [Frontend Service] Sending Python-processed instructions to session: session_1766927328421_pqjqvq1
2025-12-28 18:39:38 : info: [Frontend Service] Sending Python-processed instructions to session: session_1766927328421_pqjqvq1
2025-12-28 18:39:38 : info: [Python Controller] Broadcasting 2 displayEffects to frontend
2025-12-28 18:39:38 : info: [Frontend Service] Sending Python-processed instructions to session: session_1766927328421_pqjqvq1
2025-12-28 18:39:38 : info: [Frontend Service] Sending Python-processed instructions to session: session_1766927328421_pqjqvq1
2025-12-28 18:39:38 : info: [Python Controller] Broadcasting narrations to frontend
2025-12-28 18:39:38 : info: [Frontend Service] Sending Python-processed instructions to session: session_1766927328421_pqjqvq1
2025-12-28 18:39:38 : info: [Python Controller] Broadcasting audio from Python: http://localhost:8000/https://s3.ap-south-1.amazonaws.com/cdn.vocallabs.ai/recordings/session_1766927328421_pqjqvq1/processed_audio.mp3?X-Amz-Algorithm=AWS4-HMAC-SHA256&X-Amz-Checksum-Mode=ENABLED&X-Amz-Credential=AKIAUJ3VUUAO7GICQNEK%2F20251228%2Fap-south-1%2Fs3%2Faws4_request&X-Amz-Date=20251228T130938Z&X-Amz-Expires=86400&X-Amz-SignedHeaders=host&x-id=GetObject&X-Amz-Signature=e09dc5050922c2fb676f62a4367b34378c418ee66bde4ffae7299d46faf3bdf2
2025-12-28 18:39:38 : info: [Frontend Service] Sending audio to session: session_1766927328421_pqjqvq1
2025-12-28 18:39:38 : info: [Recording Controller] ✅ Background AI processing completed for session: session_1766927328421_pqjqvq1
2025-12-28 20:49:58 : info: [Frontend Service] Client disconnected and removed from session: session_1766927328421_pqjqvq1
2025-12-28 20:50:13 : info: [Frontend Service] Client connected: q4PEgq8Go6buL4vIAAAj
2025-12-28 21:27:05 : info: [Deepgram] Client initialized
2025-12-28 21:27:05 : info: [Frontend Service] Socket.IO server initialized
2025-12-28 21:27:05 : info: Server started
2025-12-28 21:27:05 : info: Socket.IO server ready for frontend connections
2025-12-28 21:27:05 : info: [S3 Service] S3 Connected Successfully to bucket: cdn.vocallabs.ai
2025-12-28 21:36:31 : info: [S3 Service] Successfully uploaded temp-events/session_1766937989158_k13km4v.json to S3
2025-12-28 21:36:31 : info: [SERVICE] Appended 1 events to S3 temp and memory for session: session_1766937989158_k13km4v
2025-12-28 21:36:31 : info: [S3 Service] Successfully uploaded temp-events/session_1766937989158_k13km4v.json to S3
2025-12-28 21:36:31 : info: [SERVICE] Appended 1 events to S3 temp and memory for session: session_1766937989158_k13km4v
2025-12-28 21:36:34 : info: [S3 Service] Successfully uploaded temp-events/session_1766937989158_k13km4v.json to S3
2025-12-28 21:36:34 : info: [SERVICE] Appended 2 events to S3 temp and memory for session: session_1766937989158_k13km4v
2025-12-28 21:36:34 : info: [SERVICE] Saving video chunk for session session_1766937989158_k13km4v
2025-12-28 21:36:35 : info: [SERVICE] Saving audio chunk for session session_1766937989158_k13km4v
2025-12-28 21:36:35 : info: [SERVICE] Saving video chunk for session session_1766937989158_k13km4v
2025-12-28 21:36:36 : info: [S3 Service] Successfully uploaded temp-events/session_1766937989158_k13km4v.json to S3
2025-12-28 21:36:36 : info: [SERVICE] Appended 2 events to S3 temp and memory for session: session_1766937989158_k13km4v
2025-12-28 21:36:36 : info: [SERVICE] Saving video chunk for session session_1766937989158_k13km4v
2025-12-28 21:36:36 : info: [S3 Service] Successfully uploaded temp-events/session_1766937989158_k13km4v.json to S3
2025-12-28 21:36:36 : info: [SERVICE] Appended 4 events to S3 temp and memory for session: session_1766937989158_k13km4v
2025-12-28 21:36:37 : info: [S3 Service] Successfully uploaded temp-events/session_1766937989158_k13km4v.json to S3
2025-12-28 21:36:37 : info: [SERVICE] Appended 2 events to S3 temp and memory for session: session_1766937989158_k13km4v
2025-12-28 21:36:37 : info: [S3 Service] Successfully uploaded temp-events/session_1766937989158_k13km4v.json to S3
2025-12-28 21:36:37 : info: [SERVICE] Appended 4 events to S3 temp and memory for session: session_1766937989158_k13km4v
2025-12-28 21:36:37 : info: [SERVICE] Saving audio chunk for session session_1766937989158_k13km4v
2025-12-28 21:36:38 : info: [SERVICE] Saving video chunk for session session_1766937989158_k13km4v
2025-12-28 21:36:39 : info: [SERVICE] Saving audio chunk for session session_1766937989158_k13km4v
2025-12-28 21:36:40 : info: [SERVICE] Saving video chunk for session session_1766937989158_k13km4v
2025-12-28 21:36:41 : info: [SERVICE] Saving video chunk for session session_1766937989158_k13km4v
2025-12-28 21:36:41 : info: [SERVICE] Saving audio chunk for session session_1766937989158_k13km4v
2025-12-28 21:36:42 : info: [SERVICE] Saving video chunk for session session_1766937989158_k13km4v
2025-12-28 21:36:43 : info: [SERVICE] Saving video chunk for session session_1766937989158_k13km4v
2025-12-28 21:36:43 : info: [SERVICE] Saving audio chunk for session session_1766937989158_k13km4v
2025-12-28 21:36:44 : info: [SERVICE] Saving video chunk for session session_1766937989158_k13km4v
2025-12-28 21:36:45 : info: [SERVICE] Saving video chunk for session session_1766937989158_k13km4v
2025-12-28 21:36:45 : info: [SERVICE] Saving audio chunk for session session_1766937989158_k13km4v
2025-12-28 21:36:46 : info: [S3 Service] Successfully uploaded temp-events/session_1766937989158_k13km4v.json to S3
2025-12-28 21:36:46 : info: [SERVICE] Appended 2 events to S3 temp and memory for session: session_1766937989158_k13km4v
2025-12-28 21:36:47 : info: [SERVICE] Saving video chunk for session session_1766937989158_k13km4v
2025-12-28 21:36:47 : info: [SERVICE] Saving audio chunk for session session_1766937989158_k13km4v
2025-12-28 21:36:48 : info: [SERVICE] Saving video chunk for session session_1766937989158_k13km4v
2025-12-28 21:36:49 : info: [S3 Service] Successfully uploaded temp-events/session_1766937989158_k13km4v.json to S3
2025-12-28 21:36:49 : info: [SERVICE] Appended 2 events to S3 temp and memory for session: session_1766937989158_k13km4v
2025-12-28 21:36:49 : info: [SERVICE] Saving video chunk for session session_1766937989158_k13km4v
2025-12-28 21:36:49 : info: [SERVICE] Saving audio chunk for session session_1766937989158_k13km4v
2025-12-28 21:36:50 : info: [S3 Service] Successfully uploaded temp-events/session_1766937989158_k13km4v.json to S3
2025-12-28 21:36:50 : info: [SERVICE] Appended 1 events to S3 temp and memory for session: session_1766937989158_k13km4v
2025-12-28 21:36:50 : info: [SERVICE] Saving video chunk for session session_1766937989158_k13km4v
2025-12-28 21:36:50 : info: [S3 Service] Successfully uploaded temp-events/session_1766937989158_k13km4v.json to S3
2025-12-28 21:36:50 : info: [SERVICE] Appended 1 events to S3 temp and memory for session: session_1766937989158_k13km4v
2025-12-28 21:36:51 : info: [SERVICE] Saving video chunk for session session_1766937989158_k13km4v
2025-12-28 21:36:51 : info: [SERVICE] Saving audio chunk for session session_1766937989158_k13km4v
2025-12-28 21:36:51 : info: [S3 Service] Successfully uploaded temp-events/session_1766937989158_k13km4v.json to S3
2025-12-28 21:36:51 : info: [SERVICE] Appended 1 events to S3 temp and memory for session: session_1766937989158_k13km4v
2025-12-28 21:36:52 : info: [S3 Service] Successfully uploaded temp-events/session_1766937989158_k13km4v.json to S3
2025-12-28 21:36:52 : info: [SERVICE] Appended 1 events to S3 temp and memory for session: session_1766937989158_k13km4v
2025-12-28 21:36:52 : info: [SERVICE] Saving video chunk for session session_1766937989158_k13km4v
2025-12-28 21:36:52 : info: [S3 Service] Successfully uploaded temp-events/session_1766937989158_k13km4v.json to S3
2025-12-28 21:36:52 : info: [SERVICE] Appended 1 events to S3 temp and memory for session: session_1766937989158_k13km4v
2025-12-28 21:36:53 : info: [SERVICE] Saving video chunk for session session_1766937989158_k13km4v
2025-12-28 21:36:53 : info: [SERVICE] Saving audio chunk for session session_1766937989158_k13km4v
2025-12-28 21:36:54 : info: [SERVICE] Saving video chunk for session session_1766937989158_k13km4v
2025-12-28 21:36:55 : info: [SERVICE] Saving video chunk for session session_1766937989158_k13km4v
2025-12-28 21:36:55 : info: [SERVICE] Saving audio chunk for session session_1766937989158_k13km4v
2025-12-28 21:36:56 : info: [SERVICE] Saving video chunk for session session_1766937989158_k13km4v
2025-12-28 21:36:57 : info: [S3 Service] Successfully uploaded temp-events/session_1766937989158_k13km4v.json to S3
2025-12-28 21:36:57 : info: [SERVICE] Appended 2 events to S3 temp and memory for session: session_1766937989158_k13km4v
2025-12-28 21:36:57 : info: [SERVICE] Saving audio chunk for session session_1766937989158_k13km4v
2025-12-28 21:36:58 : info: [S3 Service] Successfully uploaded temp-events/session_1766937989158_k13km4v.json to S3
2025-12-28 21:36:58 : info: [SERVICE] Appended 1 events to S3 temp and memory for session: session_1766937989158_k13km4v
2025-12-28 21:36:58 : info: [SERVICE] Saving video chunk for session session_1766937989158_k13km4v
2025-12-28 21:36:59 : info: [SERVICE] Saving video chunk for session session_1766937989158_k13km4v
2025-12-28 21:36:59 : info: [SERVICE] Saving audio chunk for session session_1766937989158_k13km4v
2025-12-28 21:37:00 : info: [SERVICE] Saving video chunk for session session_1766937989158_k13km4v
2025-12-28 21:37:01 : info: [SERVICE] Saving video chunk for session session_1766937989158_k13km4v
2025-12-28 21:37:01 : info: [SERVICE] Saving audio chunk for session session_1766937989158_k13km4v
2025-12-28 21:37:02 : info: [SERVICE] Saving video chunk for session session_1766937989158_k13km4v
2025-12-28 21:37:03 : info: [S3 Service] Successfully uploaded temp-events/session_1766937989158_k13km4v.json to S3
2025-12-28 21:37:03 : info: [SERVICE] Appended 2 events to S3 temp and memory for session: session_1766937989158_k13km4v
2025-12-28 21:37:03 : info: [S3 Service] Successfully uploaded temp-events/session_1766937989158_k13km4v.json to S3
2025-12-28 21:37:03 : info: [SERVICE] Appended 1 events to S3 temp and memory for session: session_1766937989158_k13km4v
2025-12-28 21:37:03 : info: [SERVICE] Saving video chunk for session session_1766937989158_k13km4v
2025-12-28 21:37:03 : info: [SERVICE] Saving audio chunk for session session_1766937989158_k13km4v
2025-12-28 21:37:04 : info: [SERVICE] Saving video chunk for session session_1766937989158_k13km4v
2025-12-28 21:37:05 : info: [S3 Service] Successfully uploaded temp-events/session_1766937989158_k13km4v.json to S3
2025-12-28 21:37:05 : info: [SERVICE] Appended 2 events to S3 temp and memory for session: session_1766937989158_k13km4v
2025-12-28 21:37:05 : info: [SERVICE] Saving video chunk for session session_1766937989158_k13km4v
2025-12-28 21:37:05 : info: [SERVICE] Saving audio chunk for session session_1766937989158_k13km4v
2025-12-28 21:37:06 : info: [S3 Service] Successfully uploaded temp-events/session_1766937989158_k13km4v.json to S3
2025-12-28 21:37:06 : info: [SERVICE] Appended 2 events to S3 temp and memory for session: session_1766937989158_k13km4v
2025-12-28 21:37:07 : info: [SERVICE] Saving video chunk for session session_1766937989158_k13km4v
2025-12-28 21:37:07 : info: [S3 Service] Successfully uploaded temp-events/session_1766937989158_k13km4v.json to S3
2025-12-28 21:37:07 : info: [SERVICE] Appended 2 events to S3 temp and memory for session: session_1766937989158_k13km4v
2025-12-28 21:37:07 : info: [SERVICE] Saving audio chunk for session session_1766937989158_k13km4v
2025-12-28 21:37:08 : info: [S3 Service] Successfully uploaded temp-events/session_1766937989158_k13km4v.json to S3
2025-12-28 21:37:08 : info: [SERVICE] Appended 2 events to S3 temp and memory for session: session_1766937989158_k13km4v
2025-12-28 21:37:08 : info: [SERVICE] Saving video chunk for session session_1766937989158_k13km4v
2025-12-28 21:37:08 : info: [S3 Service] Successfully uploaded temp-events/session_1766937989158_k13km4v.json to S3
2025-12-28 21:37:08 : info: [SERVICE] Appended 3 events to S3 temp and memory for session: session_1766937989158_k13km4v
2025-12-28 21:37:09 : info: [S3 Service] Successfully uploaded temp-events/session_1766937989158_k13km4v.json to S3
2025-12-28 21:37:09 : info: [SERVICE] Appended 1 events to S3 temp and memory for session: session_1766937989158_k13km4v
2025-12-28 21:37:09 : info: [S3 Service] Successfully uploaded temp-events/session_1766937989158_k13km4v.json to S3
2025-12-28 21:37:09 : info: [SERVICE] Appended 1 events to S3 temp and memory for session: session_1766937989158_k13km4v
2025-12-28 21:37:09 : info: [S3 Service] Successfully uploaded temp-events/session_1766937989158_k13km4v.json to S3
2025-12-28 21:37:09 : info: [SERVICE] Appended 1 events to S3 temp and memory for session: session_1766937989158_k13km4v
2025-12-28 21:37:09 : info: [SERVICE] Saving video chunk for session session_1766937989158_k13km4v
2025-12-28 21:37:10 : info: [SERVICE] Saving audio chunk for session session_1766937989158_k13km4v
2025-12-28 21:37:10 : info: [S3 Service] Successfully uploaded temp-events/session_1766937989158_k13km4v.json to S3
2025-12-28 21:37:10 : info: [SERVICE] Appended 1 events to S3 temp and memory for session: session_1766937989158_k13km4v
2025-12-28 21:37:10 : info: [S3 Service] Successfully uploaded temp-events/session_1766937989158_k13km4v.json to S3
2025-12-28 21:37:10 : info: [SERVICE] Appended 1 events to S3 temp and memory for session: session_1766937989158_k13km4v
2025-12-28 21:37:10 : info: [SERVICE] Saving video chunk for session session_1766937989158_k13km4v
2025-12-28 21:37:11 : info: [S3 Service] Successfully uploaded temp-events/session_1766937989158_k13km4v.json to S3
2025-12-28 21:37:11 : info: [SERVICE] Appended 2 events to S3 temp and memory for session: session_1766937989158_k13km4v
2025-12-28 21:37:11 : info: [SERVICE] Saving video chunk for session session_1766937989158_k13km4v
2025-12-28 21:37:12 : info: [SERVICE] Saving audio chunk for session session_1766937989158_k13km4v
2025-12-28 21:37:12 : info: [S3 Service] Successfully uploaded temp-events/session_1766937989158_k13km4v.json to S3
2025-12-28 21:37:12 : info: [SERVICE] Appended 2 events to S3 temp and memory for session: session_1766937989158_k13km4v
2025-12-28 21:37:12 : info: [S3 Service] Successfully uploaded temp-events/session_1766937989158_k13km4v.json to S3
2025-12-28 21:37:12 : info: [SERVICE] Appended 2 events to S3 temp and memory for session: session_1766937989158_k13km4v
2025-12-28 21:37:12 : info: [SERVICE] Saving video chunk for session session_1766937989158_k13km4v
2025-12-28 21:37:13 : info: [S3 Service] Successfully uploaded temp-events/session_1766937989158_k13km4v.json to S3
2025-12-28 21:37:13 : info: [SERVICE] Appended 1 events to S3 temp and memory for session: session_1766937989158_k13km4v
2025-12-28 21:37:13 : info: [S3 Service] Successfully uploaded temp-events/session_1766937989158_k13km4v.json to S3
2025-12-28 21:37:13 : info: [SERVICE] Appended 1 events to S3 temp and memory for session: session_1766937989158_k13km4v
2025-12-28 21:37:13 : info: [S3 Service] Successfully uploaded temp-events/session_1766937989158_k13km4v.json to S3
2025-12-28 21:37:13 : info: [SERVICE] Appended 1 events to S3 temp and memory for session: session_1766937989158_k13km4v
2025-12-28 21:37:14 : info: [S3 Service] Successfully uploaded temp-events/session_1766937989158_k13km4v.json to S3
2025-12-28 21:37:14 : info: [SERVICE] Appended 1 events to S3 temp and memory for session: session_1766937989158_k13km4v
2025-12-28 21:37:14 : info: [SERVICE] Saving audio chunk for session session_1766937989158_k13km4v
2025-12-28 21:37:14 : info: [SERVICE] Saving video chunk for session session_1766937989158_k13km4v
2025-12-28 21:37:14 : info: [S3 Service] Successfully uploaded temp-events/session_1766937989158_k13km4v.json to S3
2025-12-28 21:37:14 : info: [SERVICE] Appended 1 events to S3 temp and memory for session: session_1766937989158_k13km4v
2025-12-28 21:37:15 : info: [S3 Service] Successfully uploaded temp-events/session_1766937989158_k13km4v.json to S3
2025-12-28 21:37:15 : info: [SERVICE] Appended 1 events to S3 temp and memory for session: session_1766937989158_k13km4v
2025-12-28 21:37:15 : info: [SERVICE] Saving video chunk for session session_1766937989158_k13km4v
2025-12-28 21:37:15 : info: [S3 Service] Successfully uploaded temp-events/session_1766937989158_k13km4v.json to S3
2025-12-28 21:37:15 : info: [SERVICE] Appended 1 events to S3 temp and memory for session: session_1766937989158_k13km4v
2025-12-28 21:37:16 : info: [S3 Service] Successfully uploaded temp-events/session_1766937989158_k13km4v.json to S3
2025-12-28 21:37:16 : info: [SERVICE] Appended 1 events to S3 temp and memory for session: session_1766937989158_k13km4v
2025-12-28 21:37:16 : info: [SERVICE] Saving audio chunk for session session_1766937989158_k13km4v
2025-12-28 21:37:16 : info: [S3 Service] Successfully uploaded temp-events/session_1766937989158_k13km4v.json to S3
2025-12-28 21:37:16 : info: [SERVICE] Appended 1 events to S3 temp and memory for session: session_1766937989158_k13km4v
2025-12-28 21:37:16 : info: [S3 Service] Successfully uploaded temp-events/session_1766937989158_k13km4v.json to S3
2025-12-28 21:37:16 : info: [SERVICE] Appended 1 events to S3 temp and memory for session: session_1766937989158_k13km4v
2025-12-28 21:37:16 : info: [SERVICE] Saving video chunk for session session_1766937989158_k13km4v
2025-12-28 21:37:17 : info: [S3 Service] Successfully uploaded temp-events/session_1766937989158_k13km4v.json to S3
2025-12-28 21:37:17 : info: [SERVICE] Appended 1 events to S3 temp and memory for session: session_1766937989158_k13km4v
2025-12-28 21:37:17 : info: [S3 Service] Successfully uploaded temp-events/session_1766937989158_k13km4v.json to S3
2025-12-28 21:37:17 : info: [SERVICE] Appended 1 events to S3 temp and memory for session: session_1766937989158_k13km4v
2025-12-28 21:37:17 : info: [S3 Service] Successfully uploaded temp-events/session_1766937989158_k13km4v.json to S3
2025-12-28 21:37:17 : info: [SERVICE] Appended 1 events to S3 temp and memory for session: session_1766937989158_k13km4v
2025-12-28 21:37:17 : info: [S3 Service] Successfully uploaded temp-events/session_1766937989158_k13km4v.json to S3
2025-12-28 21:37:17 : info: [SERVICE] Appended 1 events to S3 temp and memory for session: session_1766937989158_k13km4v
2025-12-28 21:37:18 : info: [SERVICE] Saving video chunk for session session_1766937989158_k13km4v
2025-12-28 21:37:18 : info: [SERVICE] Saving audio chunk for session session_1766937989158_k13km4v
2025-12-28 21:37:18 : info: [S3 Service] Successfully uploaded temp-events/session_1766937989158_k13km4v.json to S3
2025-12-28 21:37:18 : info: [SERVICE] Appended 1 events to S3 temp and memory for session: session_1766937989158_k13km4v
2025-12-28 21:37:18 : info: [S3 Service] Successfully uploaded temp-events/session_1766937989158_k13km4v.json to S3
2025-12-28 21:37:18 : info: [SERVICE] Appended 1 events to S3 temp and memory for session: session_1766937989158_k13km4v
2025-12-28 21:37:19 : info: [S3 Service] Successfully uploaded temp-events/session_1766937989158_k13km4v.json to S3
2025-12-28 21:37:19 : info: [SERVICE] Appended 1 events to S3 temp and memory for session: session_1766937989158_k13km4v
2025-12-28 21:37:19 : info: [SERVICE] Saving video chunk for session session_1766937989158_k13km4v
2025-12-28 21:37:19 : info: [S3 Service] Successfully uploaded temp-events/session_1766937989158_k13km4v.json to S3
2025-12-28 21:37:19 : info: [SERVICE] Appended 1 events to S3 temp and memory for session: session_1766937989158_k13km4v
2025-12-28 21:37:20 : info: [S3 Service] Successfully uploaded temp-events/session_1766937989158_k13km4v.json to S3
2025-12-28 21:37:20 : info: [SERVICE] Appended 2 events to S3 temp and memory for session: session_1766937989158_k13km4v
2025-12-28 21:37:20 : info: [SERVICE] Saving audio chunk for session session_1766937989158_k13km4v
2025-12-28 21:37:20 : info: [SERVICE] Saving video chunk for session session_1766937989158_k13km4v
2025-12-28 21:37:20 : info: [S3 Service] Successfully uploaded temp-events/session_1766937989158_k13km4v.json to S3
2025-12-28 21:37:20 : info: [SERVICE] Appended 3 events to S3 temp and memory for session: session_1766937989158_k13km4v
2025-12-28 21:37:21 : info: [SERVICE] Saving video chunk for session session_1766937989158_k13km4v
2025-12-28 21:37:22 : info: [SERVICE] Saving audio chunk for session session_1766937989158_k13km4v
2025-12-28 21:37:22 : info: [SERVICE] Saving video chunk for session session_1766937989158_k13km4v
2025-12-28 21:37:22 : info: [S3 Service] Successfully uploaded temp-events/session_1766937989158_k13km4v.json to S3
2025-12-28 21:37:22 : info: [SERVICE] Appended 3 events to S3 temp and memory for session: session_1766937989158_k13km4v
2025-12-28 21:37:23 : info: [SERVICE] Saving video chunk for session session_1766937989158_k13km4v
2025-12-28 21:37:24 : info: [S3 Service] Successfully uploaded temp-events/session_1766937989158_k13km4v.json to S3
2025-12-28 21:37:24 : info: [SERVICE] Appended 2 events to S3 temp and memory for session: session_1766937989158_k13km4v
2025-12-28 21:37:24 : info: [SERVICE] Saving audio chunk for session session_1766937989158_k13km4v
2025-12-28 21:37:24 : info: [SERVICE] Saving video chunk for session session_1766937989158_k13km4v
2025-12-28 21:37:25 : info: [SERVICE] Saving video chunk for session session_1766937989158_k13km4v
2025-12-28 21:37:26 : info: [SERVICE] Saving audio chunk for session session_1766937989158_k13km4v
2025-12-28 21:37:26 : info: [Recording Controller] 🏁 Finalizing session (Eager Flow): session_1766937989158_k13km4v
2025-12-28 21:37:26 : info: [SERVICE] Finalizing recording for session (S3 only): session_1766937989158_k13km4v
2025-12-28 21:37:27 : info: [S3 Service] Successfully uploaded recordings/session_1766937989158_k13km4v/video.webm to S3
2025-12-28 21:37:28 : info: [S3 Service] Successfully uploaded recordings/session_1766937989158_k13km4v/audio.webm to S3
2025-12-28 21:37:28 : info: [S3 Service] Successfully uploaded metadata/session_1766937989158_k13km4v.json to S3
2025-12-28 21:37:28 : info: [S3 Service] Successfully uploaded events/session_1766937989158_k13km4v.json to S3
2025-12-28 21:37:28 : info: [S3 Service] Successfully deleted temp-events/session_1766937989158_k13km4v.json from S3
2025-12-28 21:37:28 : warn: [Frontend Service] No client connected for session: session_1766937989158_k13km4v. Buffering video.
2025-12-28 21:37:28 : info: [Frontend Service] Buffered video message for session: session_1766937989158_k13km4v. Queue size: 1
2025-12-28 21:37:28 : warn: [Frontend Service] No client connected for session: session_1766937989158_k13km4v. Buffering audio.
2025-12-28 21:37:28 : info: [Frontend Service] Buffered audio message for session: session_1766937989158_k13km4v. Queue size: 2
2025-12-28 21:37:28 : info: [Recording Controller] 🤖 Starting Background AI Processing for: session_1766937989158_k13km4v
2025-12-28 21:37:28 : info: [Recording Controller] Transcribing audio file for session: session_1766937989158_k13km4v
2025-12-28 21:37:28 : info: [Deepgram] Transcribing file: D:\Code\FullStack\Clueso_Node_layer\src\uploads\audio_session_1766937989158_k13km4v.webm
2025-12-28 21:37:28 : info: [Deepgram] Building transcription options
2025-12-28 21:37:31 : info: [Deepgram] File transcription complete
2025-12-28 21:37:31 : info: [Deepgram] Formatting result
2025-12-28 21:37:31 : info: [Deepgram] Saved full response to: D:\Code\FullStack\Clueso_Node_layer\deepgram_sessions\deepgram_session_1766937989158_k13km4v.json
2025-12-28 21:37:31 : info: [Deepgram] Final timeline built with
2025-12-28 21:37:31 : info: [S3 Service] Successfully uploaded recordings/session_1766937989158_k13km4v/deepgram.json to S3
2025-12-28 21:37:31 : info: [S3 Service] Successfully uploaded metadata/session_1766937989158_k13km4v.json to S3
2025-12-28 21:37:31 : info: [SERVICE] Deepgram status and duration updated in S3 for session: session_1766937989158_k13km4v
2025-12-28 21:37:31 : info: [Python Controller] Processing with AI:
2025-12-28 21:37:31 : info: [Python Controller] - Text: "This is your calendar, um, practice video. This is. What it does is it takes your project and it wor..."
2025-12-28 21:37:31 : info: [Python Controller] - DOM Events: 81
2025-12-28 21:37:31 : info: [Python Controller] - Has Deepgram Response: true
2025-12-28 21:37:31 : info: [Python Controller] - Audio Path: D:\Code\FullStack\Clueso_Node_layer\src\uploads\audio_session_1766937989158_k13km4v.webm
2025-12-28 21:37:31 : info: [Python Controller] - Session ID: session_1766937989158_k13km4v
2025-12-28 21:37:31 : info: [Python Service] Sending session reference session_1766937989158_k13km4v to Python layer
2025-12-28 21:37:31 : info: [Frontend Service] Client connected: 2REEDN3vbmEv_fglAAAB
2025-12-28 21:37:31 : info: [Frontend Service] Client 2REEDN3vbmEv_fglAAAB registered for session: session_1766937989158_k13km4v
2025-12-28 21:37:31 : info: [Frontend Service] Flushing 2 buffered messages for session: session_1766937989158_k13km4v
2025-12-28 21:37:31 : info: [Frontend Service] Sending buffered video to session: session_1766937989158_k13km4v
2025-12-28 21:37:31 : info: [Frontend Service] Sending buffered audio to session: session_1766937989158_k13km4v
2025-12-28 21:38:22 : info: [Python Service] Successfully received response from Python layer
2025-12-28 21:38:22 : info: [Python Controller] Successfully received response from Python layer
2025-12-28 21:38:22 : info: [Python Controller] Python response:
2025-12-28 21:38:22 : info: [Python Controller] Broadcasting 23 instructions to frontend
2025-12-28 21:38:22 : info: [Frontend Service] Sending Python-processed instructions to session: session_1766937989158_k13km4v
2025-12-28 21:38:22 : info: [Frontend Service] Sending Python-processed instructions to session: session_1766937989158_k13km4v
2025-12-28 21:38:22 : info: [Frontend Service] Sending Python-processed instructions to session: session_1766937989158_k13km4v
2025-12-28 21:38:22 : info: [Frontend Service] Sending Python-processed instructions to session: session_1766937989158_k13km4v
2025-12-28 21:38:22 : info: [Frontend Service] Sending Python-processed instructions to session: session_1766937989158_k13km4v
2025-12-28 21:38:22 : info: [Frontend Service] Sending Python-processed instructions to session: session_1766937989158_k13km4v
2025-12-28 21:38:22 : info: [Frontend Service] Sending Python-processed instructions to session: session_1766937989158_k13km4v
2025-12-28 21:38:22 : info: [Frontend Service] Sending Python-processed instructions to session: session_1766937989158_k13km4v
2025-12-28 21:38:22 : info: [Frontend Service] Sending Python-processed instructions to session: session_1766937989158_k13km4v
2025-12-28 21:38:22 : info: [Frontend Service] Sending Python-processed instructions to session: session_1766937989158_k13km4v
2025-12-28 21:38:22 : info: [Frontend Service] Sending Python-processed instructions to session: session_1766937989158_k13km4v
2025-12-28 21:38:22 : info: [Frontend Service] Sending Python-processed instructions to session: session_1766937989158_k13km4v
2025-12-28 21:38:22 : info: [Frontend Service] Sending Python-processed instructions to session: session_1766937989158_k13km4v
2025-12-28 21:38:22 : info: [Frontend Service] Sending Python-processed instructions to session: session_1766937989158_k13km4v
2025-12-28 21:38:22 : info: [Frontend Service] Sending Python-processed instructions to session: session_1766937989158_k13km4v
2025-12-28 21:38:22 : info: [Frontend Service] Sending Python-processed instructions to session: session_1766937989158_k13km4v
2025-12-28 21:38:22 : info: [Frontend Service] Sending Python-processed instructions to session: session_1766937989158_k13km4v
2025-12-28 21:38:22 : info: [Frontend Service] Sending Python-processed instructions to session: session_1766937989158_k13km4v
2025-12-28 21:38:22 : info: [Frontend Service] Sending Python-processed instructions to session: session_1766937989158_k13km4v
2025-12-28 21:38:22 : info: [Frontend Service] Sending Python-processed instructions to session: session_1766937989158_k13km4v
2025-12-28 21:38:22 : info: [Frontend Service] Sending Python-processed instructions to session: session_1766937989158_k13km4v
2025-12-28 21:38:22 : info: [Frontend Service] Sending Python-processed instructions to session: session_1766937989158_k13km4v
2025-12-28 21:38:22 : info: [Frontend Service] Sending Python-processed instructions to session: session_1766937989158_k13km4v
2025-12-28 21:38:22 : info: [Python Controller] Broadcasting 9 displayEffects to frontend
2025-12-28 21:38:22 : info: [Frontend Service] Sending Python-processed instructions to session: session_1766937989158_k13km4v
2025-12-28 21:38:22 : info: [Frontend Service] Sending Python-processed instructions to session: session_1766937989158_k13km4v
2025-12-28 21:38:22 : info: [Frontend Service] Sending Python-processed instructions to session: session_1766937989158_k13km4v
2025-12-28 21:38:22 : info: [Frontend Service] Sending Python-processed instructions to session: session_1766937989158_k13km4v
2025-12-28 21:38:22 : info: [Frontend Service] Sending Python-processed instructions to session: session_1766937989158_k13km4v
2025-12-28 21:38:22 : info: [Frontend Service] Sending Python-processed instructions to session: session_1766937989158_k13km4v
2025-12-28 21:38:22 : info: [Frontend Service] Sending Python-processed instructions to session: session_1766937989158_k13km4v
2025-12-28 21:38:22 : info: [Frontend Service] Sending Python-processed instructions to session: session_1766937989158_k13km4v
2025-12-28 21:38:22 : info: [Frontend Service] Sending Python-processed instructions to session: session_1766937989158_k13km4v
2025-12-28 21:38:22 : info: [Python Controller] Broadcasting narrations to frontend
2025-12-28 21:38:22 : info: [Frontend Service] Sending Python-processed instructions to session: session_1766937989158_k13km4v
2025-12-28 21:38:22 : info: [Python Controller] Broadcasting audio from Python: http://localhost:8000/https://s3.ap-south-1.amazonaws.com/cdn.vocallabs.ai/recordings/session_1766937989158_k13km4v/processed_audio.mp3?X-Amz-Algorithm=AWS4-HMAC-SHA256&X-Amz-Checksum-Mode=ENABLED&X-Amz-Credential=AKIAUJ3VUUAO7GICQNEK%2F20251228%2Fap-south-1%2Fs3%2Faws4_request&X-Amz-Date=20251228T160822Z&X-Amz-Expires=86400&X-Amz-SignedHeaders=host&x-id=GetObject&X-Amz-Signature=659985055c15b8d987e3f88838b116a5dd09609b45843db4a70b099ceb5049fa
2025-12-28 21:38:22 : info: [Frontend Service] Sending audio to session: session_1766937989158_k13km4v
2025-12-28 21:38:22 : info: [Recording Controller] ✅ Background AI processing completed for session: session_1766937989158_k13km4v
2025-12-28 22:15:53 : info: [Deepgram] Client initialized
2025-12-28 22:15:53 : info: [Frontend Service] Socket.IO server initialized
2025-12-28 22:15:53 : info: Server started
2025-12-28 22:15:53 : info: Socket.IO server ready for frontend connections
2025-12-28 22:15:53 : info: [Frontend Service] Client connected: BmaE2lYPsD3-mY6zAAAB
2025-12-28 22:15:54 : info: [S3 Service] S3 Connected Successfully to bucket: cdn.vocallabs.ai
2025-12-28 22:16:04 : info: [Deepgram] Client initialized
2025-12-28 22:16:04 : info: [Frontend Service] Socket.IO server initialized
2025-12-28 22:16:04 : info: Server started
2025-12-28 22:16:04 : info: Socket.IO server ready for frontend connections
2025-12-28 22:16:04 : info: [Frontend Service] Client connected: 5f43dzGYmMkV5qh6AAAB
2025-12-28 22:16:04 : info: [S3 Service] S3 Connected Successfully to bucket: cdn.vocallabs.ai
2025-12-28 22:16:28 : info: [Deepgram] Client initialized
2025-12-28 22:16:28 : info: [Frontend Service] Socket.IO server initialized
2025-12-28 22:16:28 : info: Server started
2025-12-28 22:16:28 : info: Socket.IO server ready for frontend connections
2025-12-28 22:16:28 : info: [Frontend Service] Client connected: SCq5THYbGYXtmT7aAAAB
2025-12-28 22:16:28 : info: [S3 Service] S3 Connected Successfully to bucket: cdn.vocallabs.ai
2025-12-28 22:27:10 : info: [Deepgram] Client initialized
2025-12-28 22:27:10 : info: [Frontend Service] Socket.IO server initialized
2025-12-28 22:27:10 : info: Server started
2025-12-28 22:27:10 : info: Socket.IO server ready for frontend connections
2025-12-28 22:27:10 : info: [Frontend Service] Client connected: 0EHLWIx0EbB9rysVAAAB
2025-12-28 22:27:10 : error: [S3 Service] S3 Connection Failed: getaddrinfo ENOTFOUND s3.ap-south-1.amazonaws.com
2025-12-28 22:28:25 : info: [Frontend Service] Unregistered client disconnected: 0EHLWIx0EbB9rysVAAAB
2025-12-28 22:37:25 : info: [Deepgram] Client initialized
2025-12-28 22:37:25 : info: [Frontend Service] Socket.IO server initialized
2025-12-28 22:37:25 : info: Server started
2025-12-28 22:37:25 : info: Socket.IO server ready for frontend connections
2025-12-28 22:37:26 : info: [S3 Service] S3 Connected Successfully to bucket: cdn.vocallabs.ai
2025-12-28 22:41:44 : info: [SERVICE] Saving video chunk for session session_1766941899410_6ep2rsq
2025-12-28 22:41:44 : info: [S3 Service] Successfully uploaded temp-events/session_1766941899410_6ep2rsq.json to S3
2025-12-28 22:41:44 : info: [SERVICE] Appended 7 events to S3 temp and memory for session: session_1766941899410_6ep2rsq
2025-12-28 22:41:44 : info: [SERVICE] Saving audio chunk for session session_1766941899410_6ep2rsq
2025-12-28 22:41:44 : info: [SERVICE] Saving video chunk for session session_1766941899410_6ep2rsq
2025-12-28 22:41:44 : info: [S3 Service] Successfully uploaded temp-events/session_1766941899410_6ep2rsq.json to S3
2025-12-28 22:41:44 : info: [SERVICE] Appended 2 events to S3 temp and memory for session: session_1766941899410_6ep2rsq
2025-12-28 22:41:45 : info: [S3 Service] Successfully uploaded temp-events/session_1766941899410_6ep2rsq.json to S3
2025-12-28 22:41:45 : info: [SERVICE] Appended 6 events to S3 temp and memory for session: session_1766941899410_6ep2rsq
2025-12-28 22:41:45 : info: [SERVICE] Saving video chunk for session session_1766941899410_6ep2rsq
2025-12-28 22:41:46 : info: [SERVICE] Saving audio chunk for session session_1766941899410_6ep2rsq
2025-12-28 22:41:46 : info: [SERVICE] Saving video chunk for session session_1766941899410_6ep2rsq
2025-12-28 22:41:47 : info: [S3 Service] Successfully uploaded temp-events/session_1766941899410_6ep2rsq.json to S3
2025-12-28 22:41:47 : info: [SERVICE] Appended 5 events to S3 temp and memory for session: session_1766941899410_6ep2rsq
2025-12-28 22:41:47 : info: [S3 Service] Successfully uploaded temp-events/session_1766941899410_6ep2rsq.json to S3
2025-12-28 22:41:47 : info: [SERVICE] Appended 2 events to S3 temp and memory for session: session_1766941899410_6ep2rsq
2025-12-28 22:41:47 : info: [S3 Service] Successfully uploaded temp-events/session_1766941899410_6ep2rsq.json to S3
2025-12-28 22:41:47 : info: [SERVICE] Appended 7 events to S3 temp and memory for session: session_1766941899410_6ep2rsq
2025-12-28 22:41:48 : info: [SERVICE] Saving video chunk for session session_1766941899410_6ep2rsq
2025-12-28 22:41:48 : info: [SERVICE] Saving audio chunk for session session_1766941899410_6ep2rsq
2025-12-28 22:41:49 : info: [SERVICE] Saving video chunk for session session_1766941899410_6ep2rsq
2025-12-28 22:41:50 : info: [S3 Service] Successfully uploaded temp-events/session_1766941899410_6ep2rsq.json to S3
2025-12-28 22:41:50 : info: [SERVICE] Appended 1 events to S3 temp and memory for session: session_1766941899410_6ep2rsq
2025-12-28 22:41:50 : info: [SERVICE] Saving video chunk for session session_1766941899410_6ep2rsq
2025-12-28 22:41:50 : info: [SERVICE] Saving audio chunk for session session_1766941899410_6ep2rsq
2025-12-28 22:41:52 : info: [SERVICE] Saving video chunk for session session_1766941899410_6ep2rsq
2025-12-28 22:41:52 : info: [SERVICE] Saving audio chunk for session session_1766941899410_6ep2rsq
2025-12-28 22:41:53 : info: [S3 Service] Successfully uploaded temp-events/session_1766941899410_6ep2rsq.json to S3
2025-12-28 22:41:53 : info: [SERVICE] Appended 1 events to S3 temp and memory for session: session_1766941899410_6ep2rsq
2025-12-28 22:41:53 : info: [SERVICE] Saving video chunk for session session_1766941899410_6ep2rsq
2025-12-28 22:41:54 : info: [S3 Service] Successfully uploaded temp-events/session_1766941899410_6ep2rsq.json to S3
2025-12-28 22:41:54 : info: [SERVICE] Appended 1 events to S3 temp and memory for session: session_1766941899410_6ep2rsq
2025-12-28 22:41:54 : info: [S3 Service] Successfully uploaded temp-events/session_1766941899410_6ep2rsq.json to S3
2025-12-28 22:41:54 : info: [SERVICE] Appended 2 events to S3 temp and memory for session: session_1766941899410_6ep2rsq
2025-12-28 22:41:54 : info: [SERVICE] Saving video chunk for session session_1766941899410_6ep2rsq
2025-12-28 22:41:54 : info: [SERVICE] Saving audio chunk for session session_1766941899410_6ep2rsq
2025-12-28 22:41:55 : info: [S3 Service] Successfully uploaded temp-events/session_1766941899410_6ep2rsq.json to S3
2025-12-28 22:41:55 : info: [SERVICE] Appended 1 events to S3 temp and memory for session: session_1766941899410_6ep2rsq
2025-12-28 22:41:55 : info: [SERVICE] Saving video chunk for session session_1766941899410_6ep2rsq
2025-12-28 22:41:56 : info: [S3 Service] Successfully uploaded temp-events/session_1766941899410_6ep2rsq.json to S3
2025-12-28 22:41:56 : info: [SERVICE] Appended 1 events to S3 temp and memory for session: session_1766941899410_6ep2rsq
2025-12-28 22:41:56 : info: [SERVICE] Saving video chunk for session session_1766941899410_6ep2rsq
2025-12-28 22:41:56 : info: [SERVICE] Saving audio chunk for session session_1766941899410_6ep2rsq
2025-12-28 22:41:57 : info: [S3 Service] Successfully uploaded temp-events/session_1766941899410_6ep2rsq.json to S3
2025-12-28 22:41:57 : info: [SERVICE] Appended 1 events to S3 temp and memory for session: session_1766941899410_6ep2rsq
2025-12-28 22:41:57 : info: [SERVICE] Saving video chunk for session session_1766941899410_6ep2rsq
2025-12-28 22:41:57 : info: [S3 Service] Successfully uploaded temp-events/session_1766941899410_6ep2rsq.json to S3
2025-12-28 22:41:57 : info: [SERVICE] Appended 2 events to S3 temp and memory for session: session_1766941899410_6ep2rsq
2025-12-28 22:41:58 : info: [S3 Service] Successfully uploaded temp-events/session_1766941899410_6ep2rsq.json to S3
2025-12-28 22:41:58 : info: [SERVICE] Appended 1 events to S3 temp and memory for session: session_1766941899410_6ep2rsq
2025-12-28 22:41:58 : info: [SERVICE] Saving video chunk for session session_1766941899410_6ep2rsq
2025-12-28 22:41:59 : info: [SERVICE] Saving audio chunk for session session_1766941899410_6ep2rsq
2025-12-28 22:41:59 : info: [S3 Service] Successfully uploaded temp-events/session_1766941899410_6ep2rsq.json to S3
2025-12-28 22:41:59 : info: [SERVICE] Appended 1 events to S3 temp and memory for session: session_1766941899410_6ep2rsq
2025-12-28 22:41:59 : info: [S3 Service] Successfully uploaded temp-events/session_1766941899410_6ep2rsq.json to S3
2025-12-28 22:41:59 : info: [SERVICE] Appended 2 events to S3 temp and memory for session: session_1766941899410_6ep2rsq
2025-12-28 22:42:00 : info: [SERVICE] Saving video chunk for session session_1766941899410_6ep2rsq
2025-12-28 22:42:00 : info: [S3 Service] Successfully uploaded temp-events/session_1766941899410_6ep2rsq.json to S3
2025-12-28 22:42:00 : info: [SERVICE] Appended 1 events to S3 temp and memory for session: session_1766941899410_6ep2rsq
2025-12-28 22:42:00 : info: [S3 Service] Successfully uploaded temp-events/session_1766941899410_6ep2rsq.json to S3
2025-12-28 22:42:00 : info: [SERVICE] Appended 2 events to S3 temp and memory for session: session_1766941899410_6ep2rsq
2025-12-28 22:42:01 : info: [SERVICE] Saving audio chunk for session session_1766941899410_6ep2rsq
2025-12-28 22:42:01 : info: [S3 Service] Successfully uploaded temp-events/session_1766941899410_6ep2rsq.json to S3
2025-12-28 22:42:01 : info: [SERVICE] Appended 3 events to S3 temp and memory for session: session_1766941899410_6ep2rsq
2025-12-28 22:42:01 : info: [SERVICE] Saving video chunk for session session_1766941899410_6ep2rsq
2025-12-28 22:42:01 : info: [S3 Service] Successfully uploaded temp-events/session_1766941899410_6ep2rsq.json to S3
2025-12-28 22:42:01 : info: [SERVICE] Appended 4 events to S3 temp and memory for session: session_1766941899410_6ep2rsq
2025-12-28 22:42:02 : info: [SERVICE] Saving video chunk for session session_1766941899410_6ep2rsq
2025-12-28 22:42:02 : info: [S3 Service] Successfully uploaded temp-events/session_1766941899410_6ep2rsq.json to S3
2025-12-28 22:42:02 : info: [SERVICE] Appended 1 events to S3 temp and memory for session: session_1766941899410_6ep2rsq
2025-12-28 22:42:03 : info: [SERVICE] Saving audio chunk for session session_1766941899410_6ep2rsq
2025-12-28 22:42:03 : info: [S3 Service] Successfully uploaded temp-events/session_1766941899410_6ep2rsq.json to S3
2025-12-28 22:42:03 : info: [SERVICE] Appended 2 events to S3 temp and memory for session: session_1766941899410_6ep2rsq
2025-12-28 22:42:03 : info: [SERVICE] Saving video chunk for session session_1766941899410_6ep2rsq
2025-12-28 22:42:04 : info: [S3 Service] Successfully uploaded temp-events/session_1766941899410_6ep2rsq.json to S3
2025-12-28 22:42:04 : info: [SERVICE] Appended 1 events to S3 temp and memory for session: session_1766941899410_6ep2rsq
2025-12-28 22:42:04 : info: [SERVICE] Saving video chunk for session session_1766941899410_6ep2rsq
2025-12-28 22:42:04 : info: [S3 Service] Successfully uploaded temp-events/session_1766941899410_6ep2rsq.json to S3
2025-12-28 22:42:04 : info: [SERVICE] Appended 1 events to S3 temp and memory for session: session_1766941899410_6ep2rsq
2025-12-28 22:42:05 : info: [SERVICE] Saving audio chunk for session session_1766941899410_6ep2rsq
2025-12-28 22:42:05 : info: [SERVICE] Saving video chunk for session session_1766941899410_6ep2rsq
2025-12-28 22:42:06 : info: [S3 Service] Successfully uploaded temp-events/session_1766941899410_6ep2rsq.json to S3
2025-12-28 22:42:06 : info: [SERVICE] Appended 1 events to S3 temp and memory for session: session_1766941899410_6ep2rsq
2025-12-28 22:42:07 : info: [S3 Service] Successfully uploaded temp-events/session_1766941899410_6ep2rsq.json to S3
2025-12-28 22:42:07 : info: [SERVICE] Appended 1 events to S3 temp and memory for session: session_1766941899410_6ep2rsq
2025-12-28 22:42:07 : info: [SERVICE] Saving video chunk for session session_1766941899410_6ep2rsq
2025-12-28 22:42:07 : info: [SERVICE] Saving audio chunk for session session_1766941899410_6ep2rsq
2025-12-28 22:42:08 : info: [SERVICE] Saving video chunk for session session_1766941899410_6ep2rsq
2025-12-28 22:42:09 : info: [S3 Service] Successfully uploaded temp-events/session_1766941899410_6ep2rsq.json to S3
2025-12-28 22:42:09 : info: [SERVICE] Appended 1 events to S3 temp and memory for session: session_1766941899410_6ep2rsq
2025-12-28 22:42:09 : info: [SERVICE] Saving audio chunk for session session_1766941899410_6ep2rsq
2025-12-28 22:42:10 : info: [SERVICE] Saving video chunk for session session_1766941899410_6ep2rsq
2025-12-28 22:42:11 : info: [SERVICE] Saving video chunk for session session_1766941899410_6ep2rsq
2025-12-28 22:42:11 : info: [SERVICE] Saving audio chunk for session session_1766941899410_6ep2rsq
2025-12-28 22:42:11 : info: [S3 Service] Successfully uploaded temp-events/session_1766941899410_6ep2rsq.json to S3
2025-12-28 22:42:11 : info: [SERVICE] Appended 1 events to S3 temp and memory for session: session_1766941899410_6ep2rsq
2025-12-28 22:42:12 : info: [SERVICE] Saving video chunk for session session_1766941899410_6ep2rsq
2025-12-28 22:42:13 : info: [SERVICE] Saving video chunk for session session_1766941899410_6ep2rsq
2025-12-28 22:42:13 : info: [SERVICE] Saving audio chunk for session session_1766941899410_6ep2rsq
2025-12-28 22:42:14 : info: [SERVICE] Saving video chunk for session session_1766941899410_6ep2rsq
2025-12-28 22:42:15 : info: [SERVICE] Saving audio chunk for session session_1766941899410_6ep2rsq
2025-12-28 22:42:15 : info: [SERVICE] Saving video chunk for session session_1766941899410_6ep2rsq
2025-12-28 22:42:16 : info: [SERVICE] Saving video chunk for session session_1766941899410_6ep2rsq
2025-12-28 22:42:17 : info: [SERVICE] Saving audio chunk for session session_1766941899410_6ep2rsq
2025-12-28 22:42:18 : info: [SERVICE] Saving video chunk for session session_1766941899410_6ep2rsq
2025-12-28 22:42:19 : info: [SERVICE] Saving video chunk for session session_1766941899410_6ep2rsq
2025-12-28 22:42:19 : info: [SERVICE] Saving audio chunk for session session_1766941899410_6ep2rsq
2025-12-28 22:42:20 : info: [SERVICE] Saving video chunk for session session_1766941899410_6ep2rsq
2025-12-28 22:42:21 : info: [SERVICE] Saving audio chunk for session session_1766941899410_6ep2rsq
2025-12-28 22:42:21 : info: [SERVICE] Saving video chunk for session session_1766941899410_6ep2rsq
2025-12-28 22:42:22 : info: [SERVICE] Saving video chunk for session session_1766941899410_6ep2rsq
2025-12-28 22:42:23 : info: [SERVICE] Saving audio chunk for session session_1766941899410_6ep2rsq
2025-12-28 22:42:23 : info: [SERVICE] Saving video chunk for session session_1766941899410_6ep2rsq
2025-12-28 22:42:24 : info: [SERVICE] Saving video chunk for session session_1766941899410_6ep2rsq
2025-12-28 22:42:25 : info: [SERVICE] Saving audio chunk for session session_1766941899410_6ep2rsq
2025-12-28 22:42:25 : info: [SERVICE] Saving video chunk for session session_1766941899410_6ep2rsq
2025-12-28 22:42:26 : info: [SERVICE] Saving video chunk for session session_1766941899410_6ep2rsq
2025-12-28 22:42:27 : info: [SERVICE] Saving audio chunk for session session_1766941899410_6ep2rsq
2025-12-28 22:42:27 : info: [SERVICE] Saving video chunk for session session_1766941899410_6ep2rsq
2025-12-28 22:42:28 : info: [SERVICE] Saving video chunk for session session_1766941899410_6ep2rsq
2025-12-28 22:42:29 : info: [SERVICE] Saving audio chunk for session session_1766941899410_6ep2rsq
2025-12-28 22:42:29 : info: [SERVICE] Saving video chunk for session session_1766941899410_6ep2rsq
2025-12-28 22:42:30 : info: [SERVICE] Saving video chunk for session session_1766941899410_6ep2rsq
2025-12-28 22:42:31 : info: [SERVICE] Saving audio chunk for session session_1766941899410_6ep2rsq
2025-12-28 22:42:31 : info: [SERVICE] Saving video chunk for session session_1766941899410_6ep2rsq
2025-12-28 22:42:32 : info: [SERVICE] Saving video chunk for session session_1766941899410_6ep2rsq
2025-12-28 22:42:33 : info: [SERVICE] Saving audio chunk for session session_1766941899410_6ep2rsq
2025-12-28 22:42:33 : info: [SERVICE] Saving video chunk for session session_1766941899410_6ep2rsq
2025-12-28 22:42:34 : info: [SERVICE] Saving video chunk for session session_1766941899410_6ep2rsq
2025-12-28 22:42:35 : info: [SERVICE] Saving audio chunk for session session_1766941899410_6ep2rsq
2025-12-28 22:42:35 : info: [SERVICE] Saving video chunk for session session_1766941899410_6ep2rsq
2025-12-28 22:42:36 : info: [SERVICE] Saving video chunk for session session_1766941899410_6ep2rsq
2025-12-28 22:42:37 : info: [SERVICE] Saving audio chunk for session session_1766941899410_6ep2rsq
2025-12-28 22:42:37 : info: [SERVICE] Saving video chunk for session session_1766941899410_6ep2rsq
2025-12-28 22:42:38 : info: [SERVICE] Saving video chunk for session session_1766941899410_6ep2rsq
2025-12-28 22:42:39 : info: [SERVICE] Saving audio chunk for session session_1766941899410_6ep2rsq
2025-12-28 22:42:39 : info: [SERVICE] Saving video chunk for session session_1766941899410_6ep2rsq
2025-12-28 22:42:40 : info: [SERVICE] Saving video chunk for session session_1766941899410_6ep2rsq
2025-12-28 22:42:41 : info: [SERVICE] Saving audio chunk for session session_1766941899410_6ep2rsq
2025-12-28 22:42:42 : info: [SERVICE] Saving video chunk for session session_1766941899410_6ep2rsq
2025-12-28 22:42:43 : info: [SERVICE] Saving video chunk for session session_1766941899410_6ep2rsq
2025-12-28 22:42:43 : info: [SERVICE] Saving audio chunk for session session_1766941899410_6ep2rsq
2025-12-28 22:42:44 : info: [SERVICE] Saving video chunk for session session_1766941899410_6ep2rsq
2025-12-28 22:42:44 : info: [Recording Controller] 🏁 Finalizing session (Eager Flow): session_1766941899410_6ep2rsq
2025-12-28 22:42:44 : info: [SERVICE] Finalizing recording for session (S3 only): session_1766941899410_6ep2rsq
2025-12-28 22:43:10 : info: [S3 Service] Successfully uploaded recordings/session_1766941899410_6ep2rsq/video.webm to S3
2025-12-28 22:43:15 : info: [S3 Service] Successfully uploaded recordings/session_1766941899410_6ep2rsq/audio.webm to S3
2025-12-28 22:43:15 : info: [S3 Service] Successfully uploaded metadata/session_1766941899410_6ep2rsq.json to S3
2025-12-28 22:43:16 : info: [S3 Service] Successfully uploaded events/session_1766941899410_6ep2rsq.json to S3
2025-12-28 22:43:16 : info: [S3 Service] Successfully deleted temp-events/session_1766941899410_6ep2rsq.json from S3
2025-12-28 22:43:16 : warn: [Frontend Service] No client connected for session: session_1766941899410_6ep2rsq. Buffering video.
2025-12-28 22:43:16 : info: [Frontend Service] Buffered video message for session: session_1766941899410_6ep2rsq. Queue size: 1
2025-12-28 22:43:16 : warn: [Frontend Service] No client connected for session: session_1766941899410_6ep2rsq. Buffering audio.
2025-12-28 22:43:16 : info: [Frontend Service] Buffered audio message for session: session_1766941899410_6ep2rsq. Queue size: 2
2025-12-28 22:43:16 : info: [Recording Controller] 🤖 Starting Background AI Processing for: session_1766941899410_6ep2rsq
2025-12-28 22:43:16 : info: [Recording Controller] Transcribing audio file for session: session_1766941899410_6ep2rsq
2025-12-28 22:43:16 : info: [Deepgram] Transcribing file: D:\Code\FullStack\Clueso_Node_layer\src\uploads\audio_session_1766941899410_6ep2rsq.webm
2025-12-28 22:43:16 : info: [Deepgram] Building transcription options
2025-12-28 22:43:19 : info: [Frontend Service] Client connected: gB7s6T79ncf9RmBAAAAB
2025-12-28 22:43:19 : info: [Frontend Service] Client gB7s6T79ncf9RmBAAAAB registered for session: session_1766941899410_6ep2rsq
2025-12-28 22:43:19 : info: [Frontend Service] Flushing 2 buffered messages for session: session_1766941899410_6ep2rsq
2025-12-28 22:43:19 : info: [Frontend Service] Sending buffered video to session: session_1766941899410_6ep2rsq
2025-12-28 22:43:19 : info: [Frontend Service] Sending buffered audio to session: session_1766941899410_6ep2rsq
2025-12-28 22:43:36 : info: [Deepgram] File transcription complete
2025-12-28 22:43:36 : info: [Deepgram] Formatting result
2025-12-28 22:43:36 : info: [Deepgram] Saved full response to: D:\Code\FullStack\Clueso_Node_layer\deepgram_sessions\deepgram_session_1766941899410_6ep2rsq.json
2025-12-28 22:43:36 : info: [Deepgram] Final timeline built with
2025-12-28 22:43:37 : info: [S3 Service] Successfully uploaded recordings/session_1766941899410_6ep2rsq/deepgram.json to S3
2025-12-28 22:43:37 : info: [S3 Service] Successfully uploaded metadata/session_1766941899410_6ep2rsq.json to S3
2025-12-28 22:43:37 : info: [SERVICE] Deepgram status and duration updated in S3 for session: session_1766941899410_6ep2rsq
2025-12-28 22:43:37 : info: [Python Controller] Processing with AI:
2025-12-28 22:43:37 : info: [Python Controller] - Text: "So this is yet another, um, practice video. This is one project, Versal. What it does, it takes your..."
2025-12-28 22:43:37 : info: [Python Controller] - DOM Events: 62
2025-12-28 22:43:37 : info: [Python Controller] - Has Deepgram Response: true
2025-12-28 22:43:37 : info: [Python Controller] - Audio Path: D:\Code\FullStack\Clueso_Node_layer\src\uploads\audio_session_1766941899410_6ep2rsq.webm
2025-12-28 22:43:37 : info: [Python Controller] - Session ID: session_1766941899410_6ep2rsq
2025-12-28 22:43:37 : info: [Python Service] Sending session reference session_1766941899410_6ep2rsq to Python layer
2025-12-28 22:44:36 : info: [Python Service] Successfully received response from Python layer
2025-12-28 22:44:36 : info: [Python Controller] Successfully received response from Python layer
2025-12-28 22:44:36 : info: [Python Controller] Python response:
2025-12-28 22:44:36 : info: [Python Controller] Broadcasting consolidated results to frontend (11 inst, 6 effects, 1 narrations)
2025-12-28 22:44:36 : info: [Frontend Service] Sending Python-processed instructions to session: session_1766941899410_6ep2rsq
2025-12-28 22:44:36 : info: [Python Controller] Broadcasting audio from Python: http://localhost:8000/https://s3.ap-south-1.amazonaws.com/cdn.vocallabs.ai/recordings/session_1766941899410_6ep2rsq/processed_audio.mp3?X-Amz-Algorithm=AWS4-HMAC-SHA256&X-Amz-Checksum-Mode=ENABLED&X-Amz-Credential=AKIAUJ3VUUAO7GICQNEK%2F20251228%2Fap-south-1%2Fs3%2Faws4_request&X-Amz-Date=20251228T171436Z&X-Amz-Expires=86400&X-Amz-SignedHeaders=host&x-id=GetObject&X-Amz-Signature=0ada7b3ff9a524a4910fa9ae28c38d5ce34806e33e4b49a920f8bc659feeb01f
2025-12-28 22:44:36 : info: [Frontend Service] Sending audio to session: session_1766941899410_6ep2rsq
2025-12-28 22:44:36 : info: [Recording Controller] ✅ Background AI processing completed for session: session_1766941899410_6ep2rsq
2025-12-28 22:53:51 : info: [Frontend Service] Client disconnected and removed from session: session_1766941899410_6ep2rsq
2025-12-28 22:54:03 : info: [SERVICE] Saving video chunk for session session_1766942639402_zk3u69x
2025-12-28 22:54:04 : info: [S3 Service] Successfully uploaded temp-events/session_1766942639402_zk3u69x.json to S3
2025-12-28 22:54:04 : info: [SERVICE] Appended 2 events to S3 temp and memory for session: session_1766942639402_zk3u69x
2025-12-28 22:54:04 : info: [SERVICE] Saving video chunk for session session_1766942639402_zk3u69x
2025-12-28 22:54:04 : info: [SERVICE] Saving audio chunk for session session_1766942639402_zk3u69x
2025-12-28 22:54:05 : info: [SERVICE] Saving video chunk for session session_1766942639402_zk3u69x
2025-12-28 22:54:06 : info: [SERVICE] Saving video chunk for session session_1766942639402_zk3u69x
2025-12-28 22:54:06 : info: [SERVICE] Saving audio chunk for session session_1766942639402_zk3u69x
2025-12-28 22:54:07 : info: [SERVICE] Saving video chunk for session session_1766942639402_zk3u69x
2025-12-28 22:54:07 : info: [S3 Service] Successfully uploaded temp-events/session_1766942639402_zk3u69x.json to S3
2025-12-28 22:54:07 : info: [SERVICE] Appended 7 events to S3 temp and memory for session: session_1766942639402_zk3u69x
2025-12-28 22:54:08 : info: [SERVICE] Saving audio chunk for session session_1766942639402_zk3u69x
2025-12-28 22:54:08 : info: [SERVICE] Saving video chunk for session session_1766942639402_zk3u69x
2025-12-28 22:54:08 : info: [S3 Service] Successfully uploaded temp-events/session_1766942639402_zk3u69x.json to S3
2025-12-28 22:54:08 : info: [SERVICE] Appended 6 events to S3 temp and memory for session: session_1766942639402_zk3u69x
2025-12-28 22:54:09 : info: [S3 Service] Successfully uploaded temp-events/session_1766942639402_zk3u69x.json to S3
2025-12-28 22:54:09 : info: [SERVICE] Appended 1 events to S3 temp and memory for session: session_1766942639402_zk3u69x
2025-12-28 22:54:09 : info: [SERVICE] Saving video chunk for session session_1766942639402_zk3u69x
2025-12-28 22:54:10 : info: [SERVICE] Saving audio chunk for session session_1766942639402_zk3u69x
2025-12-28 22:54:10 : info: [S3 Service] Successfully uploaded temp-events/session_1766942639402_zk3u69x.json to S3
2025-12-28 22:54:10 : info: [SERVICE] Appended 2 events to S3 temp and memory for session: session_1766942639402_zk3u69x
2025-12-28 22:54:10 : info: [SERVICE] Saving video chunk for session session_1766942639402_zk3u69x
2025-12-28 22:54:11 : info: [S3 Service] Successfully uploaded temp-events/session_1766942639402_zk3u69x.json to S3
2025-12-28 22:54:11 : info: [SERVICE] Appended 1 events to S3 temp and memory for session: session_1766942639402_zk3u69x
2025-12-28 22:54:11 : info: [SERVICE] Saving video chunk for session session_1766942639402_zk3u69x
2025-12-28 22:54:12 : info: [SERVICE] Saving audio chunk for session session_1766942639402_zk3u69x
2025-12-28 22:54:12 : info: [S3 Service] Successfully uploaded temp-events/session_1766942639402_zk3u69x.json to S3
2025-12-28 22:54:12 : info: [SERVICE] Appended 1 events to S3 temp and memory for session: session_1766942639402_zk3u69x
2025-12-28 22:54:12 : info: [SERVICE] Saving video chunk for session session_1766942639402_zk3u69x
2025-12-28 22:54:13 : info: [SERVICE] Saving video chunk for session session_1766942639402_zk3u69x
2025-12-28 22:54:14 : info: [SERVICE] Saving audio chunk for session session_1766942639402_zk3u69x
2025-12-28 22:54:14 : info: [SERVICE] Saving video chunk for session session_1766942639402_zk3u69x
2025-12-28 22:54:14 : info: [S3 Service] Successfully uploaded temp-events/session_1766942639402_zk3u69x.json to S3
2025-12-28 22:54:14 : info: [SERVICE] Appended 1 events to S3 temp and memory for session: session_1766942639402_zk3u69x
2025-12-28 22:54:15 : info: [SERVICE] Saving video chunk for session session_1766942639402_zk3u69x
2025-12-28 22:54:15 : info: [S3 Service] Successfully uploaded temp-events/session_1766942639402_zk3u69x.json to S3
2025-12-28 22:54:15 : info: [SERVICE] Appended 2 events to S3 temp and memory for session: session_1766942639402_zk3u69x
2025-12-28 22:54:16 : info: [SERVICE] Saving audio chunk for session session_1766942639402_zk3u69x
2025-12-28 22:54:16 : info: [S3 Service] Successfully uploaded temp-events/session_1766942639402_zk3u69x.json to S3
2025-12-28 22:54:16 : info: [SERVICE] Appended 1 events to S3 temp and memory for session: session_1766942639402_zk3u69x
2025-12-28 22:54:16 : info: [SERVICE] Saving video chunk for session session_1766942639402_zk3u69x
2025-12-28 22:54:17 : info: [S3 Service] Successfully uploaded temp-events/session_1766942639402_zk3u69x.json to S3
2025-12-28 22:54:17 : info: [SERVICE] Appended 1 events to S3 temp and memory for session: session_1766942639402_zk3u69x
2025-12-28 22:54:17 : info: [S3 Service] Successfully uploaded temp-events/session_1766942639402_zk3u69x.json to S3
2025-12-28 22:54:17 : info: [SERVICE] Appended 4 events to S3 temp and memory for session: session_1766942639402_zk3u69x
2025-12-28 22:54:17 : info: [SERVICE] Saving video chunk for session session_1766942639402_zk3u69x
2025-12-28 22:54:18 : info: [S3 Service] Successfully uploaded temp-events/session_1766942639402_zk3u69x.json to S3
2025-12-28 22:54:18 : info: [SERVICE] Appended 1 events to S3 temp and memory for session: session_1766942639402_zk3u69x
2025-12-28 22:54:18 : info: [S3 Service] Successfully uploaded temp-events/session_1766942639402_zk3u69x.json to S3
2025-12-28 22:54:18 : info: [SERVICE] Appended 4 events to S3 temp and memory for session: session_1766942639402_zk3u69x
2025-12-28 22:54:18 : info: [SERVICE] Saving audio chunk for session session_1766942639402_zk3u69x
2025-12-28 22:54:18 : info: [S3 Service] Successfully uploaded temp-events/session_1766942639402_zk3u69x.json to S3
2025-12-28 22:54:18 : info: [SERVICE] Appended 1 events to S3 temp and memory for session: session_1766942639402_zk3u69x
2025-12-28 22:54:18 : info: [SERVICE] Saving video chunk for session session_1766942639402_zk3u69x
2025-12-28 22:54:19 : info: [S3 Service] Successfully uploaded temp-events/session_1766942639402_zk3u69x.json to S3
2025-12-28 22:54:19 : info: [SERVICE] Appended 1 events to S3 temp and memory for session: session_1766942639402_zk3u69x
2025-12-28 22:54:19 : info: [SERVICE] Saving video chunk for session session_1766942639402_zk3u69x
2025-12-28 22:54:20 : info: [S3 Service] Successfully uploaded temp-events/session_1766942639402_zk3u69x.json to S3
2025-12-28 22:54:20 : info: [SERVICE] Appended 1 events to S3 temp and memory for session: session_1766942639402_zk3u69x
2025-12-28 22:54:20 : info: [S3 Service] Successfully uploaded temp-events/session_1766942639402_zk3u69x.json to S3
2025-12-28 22:54:20 : info: [SERVICE] Appended 1 events to S3 temp and memory for session: session_1766942639402_zk3u69x
2025-12-28 22:54:20 : info: [SERVICE] Saving audio chunk for session session_1766942639402_zk3u69x
2025-12-28 22:54:20 : info: [SERVICE] Saving video chunk for session session_1766942639402_zk3u69x
2025-12-28 22:54:21 : info: [S3 Service] Successfully uploaded temp-events/session_1766942639402_zk3u69x.json to S3
2025-12-28 22:54:21 : info: [SERVICE] Appended 1 events to S3 temp and memory for session: session_1766942639402_zk3u69x
2025-12-28 22:54:21 : info: [S3 Service] Successfully uploaded temp-events/session_1766942639402_zk3u69x.json to S3
2025-12-28 22:54:21 : info: [SERVICE] Appended 1 events to S3 temp and memory for session: session_1766942639402_zk3u69x
2025-12-28 22:54:21 : info: [SERVICE] Saving video chunk for session session_1766942639402_zk3u69x
2025-12-28 22:54:22 : info: [S3 Service] Successfully uploaded temp-events/session_1766942639402_zk3u69x.json to S3
2025-12-28 22:54:22 : info: [SERVICE] Appended 3 events to S3 temp and memory for session: session_1766942639402_zk3u69x
2025-12-28 22:54:22 : info: [SERVICE] Saving audio chunk for session session_1766942639402_zk3u69x
2025-12-28 22:54:22 : info: [S3 Service] Successfully uploaded temp-events/session_1766942639402_zk3u69x.json to S3
2025-12-28 22:54:22 : info: [SERVICE] Appended 1 events to S3 temp and memory for session: session_1766942639402_zk3u69x
2025-12-28 22:54:23 : info: [S3 Service] Successfully uploaded temp-events/session_1766942639402_zk3u69x.json to S3
2025-12-28 22:54:23 : info: [SERVICE] Appended 3 events to S3 temp and memory for session: session_1766942639402_zk3u69x
2025-12-28 22:54:23 : info: [SERVICE] Saving video chunk for session session_1766942639402_zk3u69x
2025-12-28 22:54:24 : info: [SERVICE] Saving audio chunk for session session_1766942639402_zk3u69x
2025-12-28 22:54:24 : info: [S3 Service] Successfully uploaded temp-events/session_1766942639402_zk3u69x.json to S3
2025-12-28 22:54:24 : info: [SERVICE] Appended 1 events to S3 temp and memory for session: session_1766942639402_zk3u69x
2025-12-28 22:54:25 : info: [SERVICE] Saving video chunk for session session_1766942639402_zk3u69x
2025-12-28 22:54:25 : info: [S3 Service] Successfully uploaded temp-events/session_1766942639402_zk3u69x.json to S3
2025-12-28 22:54:25 : info: [SERVICE] Appended 1 events to S3 temp and memory for session: session_1766942639402_zk3u69x
2025-12-28 22:54:25 : info: [S3 Service] Successfully uploaded temp-events/session_1766942639402_zk3u69x.json to S3
2025-12-28 22:54:25 : info: [SERVICE] Appended 1 events to S3 temp and memory for session: session_1766942639402_zk3u69x
2025-12-28 22:54:26 : info: [SERVICE] Saving video chunk for session session_1766942639402_zk3u69x
2025-12-28 22:54:26 : info: [S3 Service] Successfully uploaded temp-events/session_1766942639402_zk3u69x.json to S3
2025-12-28 22:54:26 : info: [SERVICE] Appended 1 events to S3 temp and memory for session: session_1766942639402_zk3u69x
2025-12-28 22:54:26 : info: [SERVICE] Saving audio chunk for session session_1766942639402_zk3u69x
2025-12-28 22:54:26 : info: [S3 Service] Successfully uploaded temp-events/session_1766942639402_zk3u69x.json to S3
2025-12-28 22:54:26 : info: [SERVICE] Appended 1 events to S3 temp and memory for session: session_1766942639402_zk3u69x
2025-12-28 22:54:27 : info: [SERVICE] Saving video chunk for session session_1766942639402_zk3u69x
2025-12-28 22:54:27 : info: [S3 Service] Successfully uploaded temp-events/session_1766942639402_zk3u69x.json to S3
2025-12-28 22:54:27 : info: [SERVICE] Appended 1 events to S3 temp and memory for session: session_1766942639402_zk3u69x
2025-12-28 22:54:28 : info: [SERVICE] Saving audio chunk for session session_1766942639402_zk3u69x
2025-12-28 22:54:28 : info: [SERVICE] Saving video chunk for session session_1766942639402_zk3u69x
2025-12-28 22:54:30 : info: [SERVICE] Saving video chunk for session session_1766942639402_zk3u69x
2025-12-28 22:54:30 : info: [S3 Service] Successfully uploaded temp-events/session_1766942639402_zk3u69x.json to S3
2025-12-28 22:54:30 : info: [SERVICE] Appended 1 events to S3 temp and memory for session: session_1766942639402_zk3u69x
2025-12-28 22:54:30 : info: [SERVICE] Saving audio chunk for session session_1766942639402_zk3u69x
2025-12-28 22:54:30 : info: [S3 Service] Successfully uploaded temp-events/session_1766942639402_zk3u69x.json to S3
2025-12-28 22:54:30 : info: [SERVICE] Appended 1 events to S3 temp and memory for session: session_1766942639402_zk3u69x
2025-12-28 22:54:31 : info: [SERVICE] Saving video chunk for session session_1766942639402_zk3u69x
2025-12-28 22:54:32 : info: [SERVICE] Saving video chunk for session session_1766942639402_zk3u69x
2025-12-28 22:54:32 : info: [SERVICE] Saving audio chunk for session session_1766942639402_zk3u69x
2025-12-28 22:54:32 : info: [S3 Service] Successfully uploaded temp-events/session_1766942639402_zk3u69x.json to S3
2025-12-28 22:54:32 : info: [SERVICE] Appended 1 events to S3 temp and memory for session: session_1766942639402_zk3u69x
2025-12-28 22:54:33 : info: [SERVICE] Saving video chunk for session session_1766942639402_zk3u69x
2025-12-28 22:54:34 : info: [SERVICE] Saving video chunk for session session_1766942639402_zk3u69x
2025-12-28 22:54:34 : info: [SERVICE] Saving audio chunk for session session_1766942639402_zk3u69x
2025-12-28 22:54:35 : info: [SERVICE] Saving video chunk for session session_1766942639402_zk3u69x
2025-12-28 22:54:36 : info: [SERVICE] Saving video chunk for session session_1766942639402_zk3u69x
2025-12-28 22:54:36 : info: [SERVICE] Saving audio chunk for session session_1766942639402_zk3u69x
2025-12-28 22:54:37 : info: [SERVICE] Saving video chunk for session session_1766942639402_zk3u69x
2025-12-28 22:54:38 : info: [SERVICE] Saving video chunk for session session_1766942639402_zk3u69x
2025-12-28 22:54:38 : info: [SERVICE] Saving audio chunk for session session_1766942639402_zk3u69x
2025-12-28 22:54:39 : info: [SERVICE] Saving video chunk for session session_1766942639402_zk3u69x
2025-12-28 22:54:40 : info: [SERVICE] Saving video chunk for session session_1766942639402_zk3u69x
2025-12-28 22:54:40 : info: [SERVICE] Saving audio chunk for session session_1766942639402_zk3u69x
2025-12-28 22:54:41 : info: [SERVICE] Saving video chunk for session session_1766942639402_zk3u69x
2025-12-28 22:54:42 : info: [SERVICE] Saving video chunk for session session_1766942639402_zk3u69x
2025-12-28 22:54:42 : info: [SERVICE] Saving audio chunk for session session_1766942639402_zk3u69x
2025-12-28 22:54:43 : info: [SERVICE] Saving video chunk for session session_1766942639402_zk3u69x
2025-12-28 22:54:44 : info: [SERVICE] Saving video chunk for session session_1766942639402_zk3u69x
2025-12-28 22:54:44 : info: [SERVICE] Saving audio chunk for session session_1766942639402_zk3u69x
2025-12-28 22:54:45 : info: [SERVICE] Saving video chunk for session session_1766942639402_zk3u69x
2025-12-28 22:54:46 : info: [SERVICE] Saving video chunk for session session_1766942639402_zk3u69x
2025-12-28 22:54:46 : info: [SERVICE] Saving audio chunk for session session_1766942639402_zk3u69x
2025-12-28 22:54:47 : info: [SERVICE] Saving video chunk for session session_1766942639402_zk3u69x
2025-12-28 22:54:48 : info: [SERVICE] Saving video chunk for session session_1766942639402_zk3u69x
2025-12-28 22:54:48 : info: [SERVICE] Saving audio chunk for session session_1766942639402_zk3u69x
2025-12-28 22:54:49 : info: [SERVICE] Saving video chunk for session session_1766942639402_zk3u69x
2025-12-28 22:54:50 : info: [SERVICE] Saving video chunk for session session_1766942639402_zk3u69x
2025-12-28 22:54:50 : info: [SERVICE] Saving audio chunk for session session_1766942639402_zk3u69x
2025-12-28 22:54:51 : info: [SERVICE] Saving video chunk for session session_1766942639402_zk3u69x
2025-12-28 22:54:52 : info: [SERVICE] Saving video chunk for session session_1766942639402_zk3u69x
2025-12-28 22:54:53 : info: [SERVICE] Saving audio chunk for session session_1766942639402_zk3u69x
2025-12-28 22:54:53 : info: [SERVICE] Saving video chunk for session session_1766942639402_zk3u69x
2025-12-28 22:54:54 : info: [SERVICE] Saving video chunk for session session_1766942639402_zk3u69x
2025-12-28 22:54:55 : info: [SERVICE] Saving audio chunk for session session_1766942639402_zk3u69x
2025-12-28 22:54:55 : info: [SERVICE] Saving video chunk for session session_1766942639402_zk3u69x
2025-12-28 22:54:56 : info: [SERVICE] Saving video chunk for session session_1766942639402_zk3u69x
2025-12-28 22:54:57 : info: [SERVICE] Saving audio chunk for session session_1766942639402_zk3u69x
2025-12-28 22:54:58 : info: [SERVICE] Saving video chunk for session session_1766942639402_zk3u69x
2025-12-28 22:54:59 : info: [SERVICE] Saving audio chunk for session session_1766942639402_zk3u69x
2025-12-28 22:54:59 : info: [SERVICE] Saving video chunk for session session_1766942639402_zk3u69x
2025-12-28 22:55:00 : info: [SERVICE] Saving video chunk for session session_1766942639402_zk3u69x
2025-12-28 22:55:01 : info: [SERVICE] Saving audio chunk for session session_1766942639402_zk3u69x
2025-12-28 22:55:01 : info: [SERVICE] Saving video chunk for session session_1766942639402_zk3u69x
2025-12-28 22:55:02 : info: [SERVICE] Saving video chunk for session session_1766942639402_zk3u69x
2025-12-28 22:55:03 : info: [SERVICE] Saving audio chunk for session session_1766942639402_zk3u69x
2025-12-28 22:55:03 : info: [SERVICE] Saving video chunk for session session_1766942639402_zk3u69x
2025-12-28 22:55:04 : info: [SERVICE] Saving video chunk for session session_1766942639402_zk3u69x
2025-12-28 22:55:05 : info: [SERVICE] Saving audio chunk for session session_1766942639402_zk3u69x
2025-12-28 22:55:05 : info: [Recording Controller] 🏁 Finalizing session (Eager Flow): session_1766942639402_zk3u69x
2025-12-28 22:55:05 : info: [SERVICE] Finalizing recording for session (S3 only): session_1766942639402_zk3u69x
2025-12-28 22:55:36 : info: [S3 Service] Successfully uploaded recordings/session_1766942639402_zk3u69x/video.webm to S3
2025-12-28 22:55:47 : info: [S3 Service] Successfully uploaded recordings/session_1766942639402_zk3u69x/audio.webm to S3
2025-12-28 22:55:47 : info: [S3 Service] Successfully uploaded metadata/session_1766942639402_zk3u69x.json to S3
2025-12-28 22:55:47 : info: [S3 Service] Successfully uploaded events/session_1766942639402_zk3u69x.json to S3
2025-12-28 22:55:48 : info: [S3 Service] Successfully deleted temp-events/session_1766942639402_zk3u69x.json from S3
2025-12-28 22:55:48 : warn: [Frontend Service] No client connected for session: session_1766942639402_zk3u69x. Buffering video.
2025-12-28 22:55:48 : info: [Frontend Service] Buffered video message for session: session_1766942639402_zk3u69x. Queue size: 1
2025-12-28 22:55:48 : warn: [Frontend Service] No client connected for session: session_1766942639402_zk3u69x. Buffering audio.
2025-12-28 22:55:48 : info: [Frontend Service] Buffered audio message for session: session_1766942639402_zk3u69x. Queue size: 2
2025-12-28 22:55:48 : info: [Recording Controller] 🤖 Starting Background AI Processing for: session_1766942639402_zk3u69x
2025-12-28 22:55:48 : info: [Recording Controller] Transcribing audio file for session: session_1766942639402_zk3u69x
2025-12-28 22:55:48 : info: [Deepgram] Transcribing file: D:\Code\FullStack\Clueso_Node_layer\src\uploads\audio_session_1766942639402_zk3u69x.webm
2025-12-28 22:55:48 : info: [Deepgram] Building transcription options
2025-12-28 22:55:49 : info: [Frontend Service] Client connected: pm43UYM3SYJKnvXhAAAD
2025-12-28 22:55:49 : info: [Frontend Service] Client pm43UYM3SYJKnvXhAAAD registered for session: session_1766942639402_zk3u69x
2025-12-28 22:55:49 : info: [Frontend Service] Flushing 2 buffered messages for session: session_1766942639402_zk3u69x
2025-12-28 22:55:49 : info: [Frontend Service] Sending buffered video to session: session_1766942639402_zk3u69x
2025-12-28 22:55:49 : info: [Frontend Service] Sending buffered audio to session: session_1766942639402_zk3u69x
2025-12-28 22:56:18 : info: [Deepgram] File transcription complete
2025-12-28 22:56:18 : info: [Deepgram] Formatting result
2025-12-28 22:56:18 : info: [Deepgram] Saved full response to: D:\Code\FullStack\Clueso_Node_layer\deepgram_sessions\deepgram_session_1766942639402_zk3u69x.json
2025-12-28 22:56:18 : info: [Deepgram] Final timeline built with
2025-12-28 22:56:21 : info: [S3 Service] Successfully uploaded recordings/session_1766942639402_zk3u69x/deepgram.json to S3
2025-12-28 22:56:21 : info: [S3 Service] Successfully uploaded metadata/session_1766942639402_zk3u69x.json to S3
2025-12-28 22:56:22 : info: [SERVICE] Deepgram status and duration updated in S3 for session: session_1766942639402_zk3u69x
2025-12-28 22:56:22 : info: [Python Controller] Processing with AI:
2025-12-28 22:56:22 : info: [Python Controller] - Text: "This is my project version. What it does, it takes your project at host on online. In the recent int..."
2025-12-28 22:56:22 : info: [Python Controller] - DOM Events: 56
2025-12-28 22:56:22 : info: [Python Controller] - Has Deepgram Response: true
2025-12-28 22:56:22 : info: [Python Controller] - Audio Path: D:\Code\FullStack\Clueso_Node_layer\src\uploads\audio_session_1766942639402_zk3u69x.webm
2025-12-28 22:56:22 : info: [Python Controller] - Session ID: session_1766942639402_zk3u69x
2025-12-28 22:56:22 : info: [Python Service] Sending session reference session_1766942639402_zk3u69x to Python layer
2025-12-28 22:57:11 : info: [Python Service] Successfully received response from Python layer
2025-12-28 22:57:11 : info: [Python Controller] Successfully received response from Python layer
2025-12-28 22:57:11 : info: [Python Controller] Python response:
2025-12-28 22:57:11 : info: [Python Controller] Broadcasting consolidated results to frontend (9 inst, 6 effects, 1 narrations)
2025-12-28 22:57:11 : info: [Frontend Service] Sending Python-processed instructions to session: session_1766942639402_zk3u69x
2025-12-28 22:57:11 : info: [Python Controller] Broadcasting audio from Python: http://localhost:8000/https://s3.ap-south-1.amazonaws.com/cdn.vocallabs.ai/recordings/session_1766942639402_zk3u69x/processed_audio.mp3?X-Amz-Algorithm=AWS4-HMAC-SHA256&X-Amz-Checksum-Mode=ENABLED&X-Amz-Credential=AKIAUJ3VUUAO7GICQNEK%2F20251228%2Fap-south-1%2Fs3%2Faws4_request&X-Amz-Date=20251228T172711Z&X-Amz-Expires=86400&X-Amz-SignedHeaders=host&x-id=GetObject&X-Amz-Signature=be3ff5dae98b591ce374fd3766c527b9ec8652f51c3d4d0a6e9b9e9468a80d8c
2025-12-28 22:57:11 : info: [Frontend Service] Sending audio to session: session_1766942639402_zk3u69x
2025-12-28 22:57:11 : info: [Recording Controller] ✅ Background AI processing completed for session: session_1766942639402_zk3u69x
2025-12-28 23:12:12 : info: [SERVICE] Saving video chunk for session session_1766943725799_b5tei2b
2025-12-28 23:12:13 : info: [S3 Service] Successfully uploaded temp-events/session_1766943725799_b5tei2b.json to S3
2025-12-28 23:12:13 : info: [SERVICE] Appended 2 events to S3 temp and memory for session: session_1766943725799_b5tei2b
2025-12-28 23:12:13 : info: [SERVICE] Saving audio chunk for session session_1766943725799_b5tei2b
2025-12-28 23:12:13 : info: [SERVICE] Saving video chunk for session session_1766943725799_b5tei2b
2025-12-28 23:12:14 : info: [S3 Service] Successfully uploaded temp-events/session_1766943725799_b5tei2b.json to S3
2025-12-28 23:12:14 : info: [SERVICE] Appended 7 events to S3 temp and memory for session: session_1766943725799_b5tei2b
2025-12-28 23:12:14 : info: [SERVICE] Saving video chunk for session session_1766943725799_b5tei2b
2025-12-28 23:12:15 : info: [S3 Service] Successfully uploaded temp-events/session_1766943725799_b5tei2b.json to S3
2025-12-28 23:12:15 : info: [SERVICE] Appended 8 events to S3 temp and memory for session: session_1766943725799_b5tei2b
2025-12-28 23:12:15 : info: [SERVICE] Saving audio chunk for session session_1766943725799_b5tei2b
2025-12-28 23:12:15 : info: [SERVICE] Saving video chunk for session session_1766943725799_b5tei2b
2025-12-28 23:12:16 : info: [SERVICE] Saving video chunk for session session_1766943725799_b5tei2b
2025-12-28 23:12:17 : info: [SERVICE] Saving audio chunk for session session_1766943725799_b5tei2b
2025-12-28 23:12:17 : info: [SERVICE] Saving video chunk for session session_1766943725799_b5tei2b
2025-12-28 23:12:18 : info: [S3 Service] Successfully uploaded temp-events/session_1766943725799_b5tei2b.json to S3
2025-12-28 23:12:18 : info: [SERVICE] Appended 2 events to S3 temp and memory for session: session_1766943725799_b5tei2b
2025-12-28 23:12:18 : info: [S3 Service] Successfully uploaded temp-events/session_1766943725799_b5tei2b.json to S3
2025-12-28 23:12:18 : info: [SERVICE] Appended 1 events to S3 temp and memory for session: session_1766943725799_b5tei2b
2025-12-28 23:12:18 : info: [SERVICE] Saving video chunk for session session_1766943725799_b5tei2b
2025-12-28 23:12:19 : info: [S3 Service] Successfully uploaded temp-events/session_1766943725799_b5tei2b.json to S3
2025-12-28 23:12:19 : info: [SERVICE] Appended 4 events to S3 temp and memory for session: session_1766943725799_b5tei2b
2025-12-28 23:12:19 : info: [S3 Service] Successfully uploaded temp-events/session_1766943725799_b5tei2b.json to S3
2025-12-28 23:12:19 : info: [SERVICE] Appended 2 events to S3 temp and memory for session: session_1766943725799_b5tei2b
2025-12-28 23:12:19 : info: [SERVICE] Saving audio chunk for session session_1766943725799_b5tei2b
2025-12-28 23:12:20 : info: [SERVICE] Saving video chunk for session session_1766943725799_b5tei2b
2025-12-28 23:12:21 : info: [S3 Service] Successfully uploaded temp-events/session_1766943725799_b5tei2b.json to S3
2025-12-28 23:12:21 : info: [SERVICE] Appended 6 events to S3 temp and memory for session: session_1766943725799_b5tei2b
2025-12-28 23:12:21 : info: [SERVICE] Saving video chunk for session session_1766943725799_b5tei2b
2025-12-28 23:12:21 : info: [SERVICE] Saving audio chunk for session session_1766943725799_b5tei2b
2025-12-28 23:12:22 : info: [SERVICE] Saving video chunk for session session_1766943725799_b5tei2b
2025-12-28 23:12:23 : info: [SERVICE] Saving video chunk for session session_1766943725799_b5tei2b
2025-12-28 23:12:23 : info: [SERVICE] Saving audio chunk for session session_1766943725799_b5tei2b
2025-12-28 23:12:24 : info: [S3 Service] Successfully uploaded temp-events/session_1766943725799_b5tei2b.json to S3
2025-12-28 23:12:24 : info: [SERVICE] Appended 1 events to S3 temp and memory for session: session_1766943725799_b5tei2b
2025-12-28 23:12:25 : info: [S3 Service] Successfully uploaded temp-events/session_1766943725799_b5tei2b.json to S3
2025-12-28 23:12:25 : info: [SERVICE] Appended 1 events to S3 temp and memory for session: session_1766943725799_b5tei2b
2025-12-28 23:12:25 : info: [SERVICE] Saving video chunk for session session_1766943725799_b5tei2b
2025-12-28 23:12:25 : info: [SERVICE] Saving audio chunk for session session_1766943725799_b5tei2b
2025-12-28 23:12:26 : info: [SERVICE] Saving video chunk for session session_1766943725799_b5tei2b
2025-12-28 23:12:27 : info: [SERVICE] Saving audio chunk for session session_1766943725799_b5tei2b
2025-12-28 23:12:27 : info: [SERVICE] Saving video chunk for session session_1766943725799_b5tei2b
2025-12-28 23:12:29 : info: [SERVICE] Saving video chunk for session session_1766943725799_b5tei2b
2025-12-28 23:12:29 : info: [SERVICE] Saving audio chunk for session session_1766943725799_b5tei2b
2025-12-28 23:12:30 : info: [SERVICE] Saving video chunk for session session_1766943725799_b5tei2b
2025-12-28 23:12:31 : info: [SERVICE] Saving audio chunk for session session_1766943725799_b5tei2b
2025-12-28 23:12:32 : info: [SERVICE] Saving video chunk for session session_1766943725799_b5tei2b
2025-12-28 23:12:33 : info: [SERVICE] Saving audio chunk for session session_1766943725799_b5tei2b
2025-12-28 23:12:34 : info: [SERVICE] Saving video chunk for session session_1766943725799_b5tei2b
2025-12-28 23:12:35 : info: [SERVICE] Saving video chunk for session session_1766943725799_b5tei2b
2025-12-28 23:12:35 : info: [S3 Service] Successfully uploaded temp-events/session_1766943725799_b5tei2b.json to S3
2025-12-28 23:12:35 : info: [SERVICE] Appended 2 events to S3 temp and memory for session: session_1766943725799_b5tei2b
2025-12-28 23:12:36 : info: [SERVICE] Saving audio chunk for session session_1766943725799_b5tei2b
2025-12-28 23:12:36 : info: [S3 Service] Successfully uploaded temp-events/session_1766943725799_b5tei2b.json to S3
2025-12-28 23:12:36 : info: [SERVICE] Appended 1 events to S3 temp and memory for session: session_1766943725799_b5tei2b
2025-12-28 23:12:36 : info: [SERVICE] Saving video chunk for session session_1766943725799_b5tei2b
2025-12-28 23:12:37 : info: [SERVICE] Saving video chunk for session session_1766943725799_b5tei2b
2025-12-28 23:12:38 : info: [SERVICE] Saving audio chunk for session session_1766943725799_b5tei2b
2025-12-28 23:12:38 : info: [SERVICE] Saving video chunk for session session_1766943725799_b5tei2b
2025-12-28 23:12:38 : info: [S3 Service] Successfully uploaded temp-events/session_1766943725799_b5tei2b.json to S3
2025-12-28 23:12:38 : info: [SERVICE] Appended 1 events to S3 temp and memory for session: session_1766943725799_b5tei2b
2025-12-28 23:12:39 : info: [SERVICE] Saving video chunk for session session_1766943725799_b5tei2b
2025-12-28 23:12:40 : info: [SERVICE] Saving audio chunk for session session_1766943725799_b5tei2b
2025-12-28 23:12:40 : info: [SERVICE] Saving video chunk for session session_1766943725799_b5tei2b
2025-12-28 23:12:41 : info: [SERVICE] Saving video chunk for session session_1766943725799_b5tei2b
2025-12-28 23:12:42 : info: [SERVICE] Saving audio chunk for session session_1766943725799_b5tei2b
2025-12-28 23:12:42 : info: [SERVICE] Saving video chunk for session session_1766943725799_b5tei2b
2025-12-28 23:12:43 : info: [SERVICE] Saving video chunk for session session_1766943725799_b5tei2b
2025-12-28 23:12:44 : info: [SERVICE] Saving audio chunk for session session_1766943725799_b5tei2b
2025-12-28 23:12:44 : info: [S3 Service] Successfully uploaded temp-events/session_1766943725799_b5tei2b.json to S3
2025-12-28 23:12:44 : info: [SERVICE] Appended 1 events to S3 temp and memory for session: session_1766943725799_b5tei2b
2025-12-28 23:12:44 : info: [SERVICE] Saving video chunk for session session_1766943725799_b5tei2b
2025-12-28 23:12:44 : info: [S3 Service] Successfully uploaded temp-events/session_1766943725799_b5tei2b.json to S3
2025-12-28 23:12:44 : info: [SERVICE] Appended 3 events to S3 temp and memory for session: session_1766943725799_b5tei2b
2025-12-28 23:12:46 : info: [SERVICE] Saving audio chunk for session session_1766943725799_b5tei2b
2025-12-28 23:12:46 : info: [SERVICE] Saving video chunk for session session_1766943725799_b5tei2b
2025-12-28 23:12:47 : info: [SERVICE] Saving video chunk for session session_1766943725799_b5tei2b
2025-12-28 23:12:48 : info: [SERVICE] Saving audio chunk for session session_1766943725799_b5tei2b
2025-12-28 23:12:48 : info: [SERVICE] Saving video chunk for session session_1766943725799_b5tei2b
2025-12-28 23:12:48 : info: [S3 Service] Successfully uploaded temp-events/session_1766943725799_b5tei2b.json to S3
2025-12-28 23:12:48 : info: [SERVICE] Appended 3 events to S3 temp and memory for session: session_1766943725799_b5tei2b
2025-12-28 23:12:49 : info: [SERVICE] Saving video chunk for session session_1766943725799_b5tei2b
2025-12-28 23:12:50 : info: [S3 Service] Successfully uploaded temp-events/session_1766943725799_b5tei2b.json to S3
2025-12-28 23:12:50 : info: [SERVICE] Appended 2 events to S3 temp and memory for session: session_1766943725799_b5tei2b
2025-12-28 23:12:50 : info: [SERVICE] Saving audio chunk for session session_1766943725799_b5tei2b
2025-12-28 23:12:50 : info: [S3 Service] Successfully uploaded temp-events/session_1766943725799_b5tei2b.json to S3
2025-12-28 23:12:50 : info: [SERVICE] Appended 1 events to S3 temp and memory for session: session_1766943725799_b5tei2b
2025-12-28 23:12:51 : info: [SERVICE] Saving video chunk for session session_1766943725799_b5tei2b
2025-12-28 23:12:51 : info: [S3 Service] Successfully uploaded temp-events/session_1766943725799_b5tei2b.json to S3
2025-12-28 23:12:51 : info: [SERVICE] Appended 2 events to S3 temp and memory for session: session_1766943725799_b5tei2b
2025-12-28 23:12:52 : info: [SERVICE] Saving video chunk for session session_1766943725799_b5tei2b
2025-12-28 23:12:52 : info: [SERVICE] Saving audio chunk for session session_1766943725799_b5tei2b
2025-12-28 23:12:53 : info: [SERVICE] Saving video chunk for session session_1766943725799_b5tei2b
2025-12-28 23:12:53 : info: [S3 Service] Successfully uploaded temp-events/session_1766943725799_b5tei2b.json to S3
2025-12-28 23:12:53 : info: [SERVICE] Appended 1 events to S3 temp and memory for session: session_1766943725799_b5tei2b
2025-12-28 23:12:54 : info: [SERVICE] Saving video chunk for session session_1766943725799_b5tei2b
2025-12-28 23:12:54 : info: [S3 Service] Successfully uploaded temp-events/session_1766943725799_b5tei2b.json to S3
2025-12-28 23:12:54 : info: [SERVICE] Appended 2 events to S3 temp and memory for session: session_1766943725799_b5tei2b
2025-12-28 23:12:54 : info: [SERVICE] Saving audio chunk for session session_1766943725799_b5tei2b
2025-12-28 23:12:55 : info: [SERVICE] Saving video chunk for session session_1766943725799_b5tei2b
2025-12-28 23:12:56 : info: [SERVICE] Saving video chunk for session session_1766943725799_b5tei2b
2025-12-28 23:12:56 : info: [SERVICE] Saving audio chunk for session session_1766943725799_b5tei2b
2025-12-28 23:12:56 : info: [S3 Service] Successfully uploaded temp-events/session_1766943725799_b5tei2b.json to S3
2025-12-28 23:12:56 : info: [SERVICE] Appended 2 events to S3 temp and memory for session: session_1766943725799_b5tei2b
2025-12-28 23:12:57 : info: [SERVICE] Saving video chunk for session session_1766943725799_b5tei2b
2025-12-28 23:12:58 : info: [SERVICE] Saving video chunk for session session_1766943725799_b5tei2b
2025-12-28 23:12:58 : info: [SERVICE] Saving audio chunk for session session_1766943725799_b5tei2b
2025-12-28 23:12:58 : info: [S3 Service] Successfully uploaded temp-events/session_1766943725799_b5tei2b.json to S3
2025-12-28 23:12:58 : info: [SERVICE] Appended 2 events to S3 temp and memory for session: session_1766943725799_b5tei2b
2025-12-28 23:12:59 : info: [SERVICE] Saving video chunk for session session_1766943725799_b5tei2b
2025-12-28 23:12:59 : info: [S3 Service] Successfully uploaded temp-events/session_1766943725799_b5tei2b.json to S3
2025-12-28 23:12:59 : info: [SERVICE] Appended 1 events to S3 temp and memory for session: session_1766943725799_b5tei2b
2025-12-28 23:12:59 : info: [S3 Service] Successfully uploaded temp-events/session_1766943725799_b5tei2b.json to S3
2025-12-28 23:12:59 : info: [SERVICE] Appended 1 events to S3 temp and memory for session: session_1766943725799_b5tei2b
2025-12-28 23:13:00 : info: [SERVICE] Saving video chunk for session session_1766943725799_b5tei2b
2025-12-28 23:13:00 : info: [SERVICE] Saving audio chunk for session session_1766943725799_b5tei2b
2025-12-28 23:13:01 : info: [SERVICE] Saving video chunk for session session_1766943725799_b5tei2b
2025-12-28 23:13:01 : info: [S3 Service] Successfully uploaded temp-events/session_1766943725799_b5tei2b.json to S3
2025-12-28 23:13:01 : info: [SERVICE] Appended 2 events to S3 temp and memory for session: session_1766943725799_b5tei2b
2025-12-28 23:13:01 : info: [S3 Service] Successfully uploaded temp-events/session_1766943725799_b5tei2b.json to S3
2025-12-28 23:13:01 : info: [SERVICE] Appended 1 events to S3 temp and memory for session: session_1766943725799_b5tei2b
2025-12-28 23:13:02 : info: [SERVICE] Saving video chunk for session session_1766943725799_b5tei2b
2025-12-28 23:13:02 : info: [S3 Service] Successfully uploaded temp-events/session_1766943725799_b5tei2b.json to S3
2025-12-28 23:13:02 : info: [SERVICE] Appended 2 events to S3 temp and memory for session: session_1766943725799_b5tei2b
2025-12-28 23:13:02 : info: [SERVICE] Saving audio chunk for session session_1766943725799_b5tei2b
2025-12-28 23:13:03 : info: [SERVICE] Saving video chunk for session session_1766943725799_b5tei2b
2025-12-28 23:13:04 : info: [SERVICE] Saving audio chunk for session session_1766943725799_b5tei2b
2025-12-28 23:13:04 : info: [SERVICE] Saving video chunk for session session_1766943725799_b5tei2b
2025-12-28 23:13:05 : info: [SERVICE] Saving video chunk for session session_1766943725799_b5tei2b
2025-12-28 23:13:05 : info: [S3 Service] Successfully uploaded temp-events/session_1766943725799_b5tei2b.json to S3
2025-12-28 23:13:05 : info: [SERVICE] Appended 2 events to S3 temp and memory for session: session_1766943725799_b5tei2b
2025-12-28 23:13:06 : info: [SERVICE] Saving audio chunk for session session_1766943725799_b5tei2b
2025-12-28 23:13:06 : info: [SERVICE] Saving video chunk for session session_1766943725799_b5tei2b
2025-12-28 23:13:07 : info: [SERVICE] Saving video chunk for session session_1766943725799_b5tei2b
2025-12-28 23:13:08 : info: [Recording Controller] 🏁 Finalizing session (Eager Flow): session_1766943725799_b5tei2b
2025-12-28 23:13:08 : info: [SERVICE] Finalizing recording for session (S3 only): session_1766943725799_b5tei2b
2025-12-28 23:13:25 : info: [S3 Service] Successfully uploaded recordings/session_1766943725799_b5tei2b/video.webm to S3
2025-12-28 23:13:31 : info: [S3 Service] Successfully uploaded recordings/session_1766943725799_b5tei2b/audio.webm to S3
2025-12-28 23:13:31 : info: [S3 Service] Successfully uploaded metadata/session_1766943725799_b5tei2b.json to S3
2025-12-28 23:13:31 : info: [S3 Service] Successfully uploaded events/session_1766943725799_b5tei2b.json to S3
2025-12-28 23:13:31 : info: [S3 Service] Successfully deleted temp-events/session_1766943725799_b5tei2b.json from S3
2025-12-28 23:13:31 : warn: [Frontend Service] No client connected for session: session_1766943725799_b5tei2b. Buffering video.
2025-12-28 23:13:31 : info: [Frontend Service] Buffered video message for session: session_1766943725799_b5tei2b. Queue size: 1
2025-12-28 23:13:31 : warn: [Frontend Service] No client connected for session: session_1766943725799_b5tei2b. Buffering audio.
2025-12-28 23:13:31 : info: [Frontend Service] Buffered audio message for session: session_1766943725799_b5tei2b. Queue size: 2
2025-12-28 23:13:31 : info: [Recording Controller] 🤖 Starting Background AI Processing for: session_1766943725799_b5tei2b
2025-12-28 23:13:31 : info: [Recording Controller] Transcribing audio file for session: session_1766943725799_b5tei2b
2025-12-28 23:13:31 : info: [Deepgram] Transcribing file: D:\Code\FullStack\Clueso_Node_layer\src\uploads\audio_session_1766943725799_b5tei2b.webm
2025-12-28 23:13:31 : info: [Deepgram] Building transcription options
2025-12-28 23:13:33 : info: [Frontend Service] Client connected: t7TAm-prxzqeq7n5AAAF
2025-12-28 23:13:33 : info: [Frontend Service] Client t7TAm-prxzqeq7n5AAAF registered for session: session_1766943725799_b5tei2b
2025-12-28 23:13:33 : info: [Frontend Service] Flushing 2 buffered messages for session: session_1766943725799_b5tei2b
2025-12-28 23:13:33 : info: [Frontend Service] Sending buffered video to session: session_1766943725799_b5tei2b
2025-12-28 23:13:33 : info: [Frontend Service] Sending buffered audio to session: session_1766943725799_b5tei2b
2025-12-28 23:13:36 : info: [Deepgram] File transcription complete
2025-12-28 23:13:36 : info: [Deepgram] Formatting result
2025-12-28 23:13:36 : info: [Deepgram] Saved full response to: D:\Code\FullStack\Clueso_Node_layer\deepgram_sessions\deepgram_session_1766943725799_b5tei2b.json
2025-12-28 23:13:36 : info: [Deepgram] Final timeline built with
2025-12-28 23:13:37 : info: [S3 Service] Successfully uploaded recordings/session_1766943725799_b5tei2b/deepgram.json to S3
2025-12-28 23:13:37 : info: [S3 Service] Successfully uploaded metadata/session_1766943725799_b5tei2b.json to S3
2025-12-28 23:13:37 : info: [SERVICE] Deepgram status and duration updated in S3 for session: session_1766943725799_b5tei2b
2025-12-28 23:13:37 : info: [Python Controller] Processing with AI:
2025-12-28 23:13:37 : info: [Python Controller] - Text: "So this is my project, Versal. What it does, it it takes your project and, uh, can host it alive. Cl..."
2025-12-28 23:13:37 : info: [Python Controller] - DOM Events: 66
2025-12-28 23:13:37 : info: [Python Controller] - Has Deepgram Response: true
2025-12-28 23:13:37 : info: [Python Controller] - Audio Path: D:\Code\FullStack\Clueso_Node_layer\src\uploads\audio_session_1766943725799_b5tei2b.webm
2025-12-28 23:13:37 : info: [Python Controller] - Session ID: session_1766943725799_b5tei2b
2025-12-28 23:13:37 : info: [Python Service] Sending session reference session_1766943725799_b5tei2b to Python layer
2025-12-28 23:14:09 : info: [Python Service] Successfully received response from Python layer
2025-12-28 23:14:09 : info: [Python Controller] Successfully received response from Python layer
2025-12-28 23:14:09 : info: [Python Controller] Python response:
2025-12-28 23:14:09 : info: [Python Controller] Broadcasting consolidated results to frontend (19 inst, 8 effects, 1 narrations)
2025-12-28 23:14:09 : info: [Frontend Service] Sending Python-processed instructions to session: session_1766943725799_b5tei2b
2025-12-28 23:14:09 : info: [Python Controller] Broadcasting audio from Python: http://localhost:8000/https://s3.ap-south-1.amazonaws.com/cdn.vocallabs.ai/recordings/session_1766943725799_b5tei2b/processed_audio.mp3?X-Amz-Algorithm=AWS4-HMAC-SHA256&X-Amz-Checksum-Mode=ENABLED&X-Amz-Credential=AKIAUJ3VUUAO7GICQNEK%2F20251228%2Fap-south-1%2Fs3%2Faws4_request&X-Amz-Date=20251228T174409Z&X-Amz-Expires=86400&X-Amz-SignedHeaders=host&x-id=GetObject&X-Amz-Signature=70318f1fae14b58fe396d4d5a4fc66c625e3db1bc059116b7e640b62cedbbe20
2025-12-28 23:14:09 : info: [Frontend Service] Sending audio to session: session_1766943725799_b5tei2b
2025-12-28 23:14:09 : info: [Recording Controller] ✅ Background AI processing completed for session: session_1766943725799_b5tei2b
2025-12-28 23:33:18 : info: [Frontend Service] Client disconnected and removed from session: session_1766942639402_zk3u69x
2025-12-28 23:33:18 : info: [Frontend Service] Client disconnected and removed from session: session_1766943725799_b5tei2b
2025-12-28 23:59:24 : info: [Frontend Service] Client connected: 9g1eahbga62ux0evAAAI
2025-12-28 23:59:24 : info: [Frontend Service] Client connected: NO8NGB5qW6zrv8e-AAAJ
2025-12-29 00:31:58 : info: [Frontend Service] Unregistered client disconnected: NO8NGB5qW6zrv8e-AAAJ
2025-12-29 00:31:59 : info: [Frontend Service] Unregistered client disconnected: 9g1eahbga62ux0evAAAI
2025-12-29 00:32:00 : info: [Frontend Service] Client connected: xkp7SCOOoatvBi6JAAAL
2025-12-29 00:32:01 : info: [Frontend Service] Client connected: TkjNkEjFjoPYdbEpAAAN
2025-12-29 00:32:03 : info: [Frontend Service] Unregistered client disconnected: TkjNkEjFjoPYdbEpAAAN
2025-12-29 03:32:04 : info: [Frontend Service] Unregistered client disconnected: xkp7SCOOoatvBi6JAAAL
2025-12-29 05:52:14 : info: [Frontend Service] Client connected: I0dRLu9mmM32LFNPAAAS
2025-12-29 05:52:14 : info: [Frontend Service] Client connected: L0x9jjz_Iio0Nh6JAAAT
2025-12-29 05:56:16 : info: [Frontend Service] Unregistered client disconnected: L0x9jjz_Iio0Nh6JAAAT
2025-12-29 05:56:29 : info: [Frontend Service] Unregistered client disconnected: I0dRLu9mmM32LFNPAAAS
2025-12-29 05:58:17 : info: [S3 Service] Successfully uploaded temp-events/session_1766968093307_44n22fb.json to S3
2025-12-29 05:58:17 : info: [SERVICE] Appended 1 events to S3 temp and memory for session: session_1766968093307_44n22fb
2025-12-29 05:58:18 : info: [SERVICE] Saving video chunk for session session_1766968093307_44n22fb
2025-12-29 05:58:18 : info: [S3 Service] Successfully uploaded temp-events/session_1766968093307_44n22fb.json to S3
2025-12-29 05:58:18 : info: [SERVICE] Appended 2 events to S3 temp and memory for session: session_1766968093307_44n22fb
2025-12-29 05:58:19 : info: [SERVICE] Saving audio chunk for session session_1766968093307_44n22fb
2025-12-29 05:58:19 : info: [SERVICE] Saving video chunk for session session_1766968093307_44n22fb
2025-12-29 05:58:20 : info: [SERVICE] Saving video chunk for session session_1766968093307_44n22fb
2025-12-29 05:58:20 : info: [S3 Service] Successfully uploaded temp-events/session_1766968093307_44n22fb.json to S3
2025-12-29 05:58:20 : info: [SERVICE] Appended 5 events to S3 temp and memory for session: session_1766968093307_44n22fb
2025-12-29 05:58:20 : info: [S3 Service] Successfully uploaded temp-events/session_1766968093307_44n22fb.json to S3
2025-12-29 05:58:20 : info: [SERVICE] Appended 2 events to S3 temp and memory for session: session_1766968093307_44n22fb
2025-12-29 05:58:20 : info: [S3 Service] Successfully uploaded temp-events/session_1766968093307_44n22fb.json to S3
2025-12-29 05:58:20 : info: [SERVICE] Appended 3 events to S3 temp and memory for session: session_1766968093307_44n22fb
2025-12-29 05:58:21 : info: [SERVICE] Saving audio chunk for session session_1766968093307_44n22fb
2025-12-29 05:58:21 : info: [S3 Service] Successfully uploaded temp-events/session_1766968093307_44n22fb.json to S3
2025-12-29 05:58:21 : info: [SERVICE] Appended 3 events to S3 temp and memory for session: session_1766968093307_44n22fb
2025-12-29 05:58:21 : info: [SERVICE] Saving video chunk for session session_1766968093307_44n22fb
2025-12-29 05:58:21 : info: [S3 Service] Successfully uploaded temp-events/session_1766968093307_44n22fb.json to S3
2025-12-29 05:58:21 : info: [SERVICE] Appended 2 events to S3 temp and memory for session: session_1766968093307_44n22fb
2025-12-29 05:58:22 : info: [SERVICE] Saving video chunk for session session_1766968093307_44n22fb
2025-12-29 05:58:23 : info: [SERVICE] Saving audio chunk for session session_1766968093307_44n22fb
2025-12-29 05:58:23 : info: [SERVICE] Saving video chunk for session session_1766968093307_44n22fb
2025-12-29 05:58:24 : info: [S3 Service] Successfully uploaded temp-events/session_1766968093307_44n22fb.json to S3
2025-12-29 05:58:24 : info: [SERVICE] Appended 1 events to S3 temp and memory for session: session_1766968093307_44n22fb
2025-12-29 05:58:24 : info: [SERVICE] Saving video chunk for session session_1766968093307_44n22fb
2025-12-29 05:58:25 : info: [SERVICE] Saving audio chunk for session session_1766968093307_44n22fb
2025-12-29 05:58:25 : info: [S3 Service] Successfully uploaded temp-events/session_1766968093307_44n22fb.json to S3
2025-12-29 05:58:25 : info: [SERVICE] Appended 1 events to S3 temp and memory for session: session_1766968093307_44n22fb
2025-12-29 05:58:25 : info: [SERVICE] Saving video chunk for session session_1766968093307_44n22fb
2025-12-29 05:58:26 : info: [S3 Service] Successfully uploaded temp-events/session_1766968093307_44n22fb.json to S3
2025-12-29 05:58:26 : info: [SERVICE] Appended 2 events to S3 temp and memory for session: session_1766968093307_44n22fb
2025-12-29 05:58:27 : info: [SERVICE] Saving audio chunk for session session_1766968093307_44n22fb
2025-12-29 05:58:27 : info: [SERVICE] Saving video chunk for session session_1766968093307_44n22fb
2025-12-29 05:58:28 : info: [SERVICE] Saving video chunk for session session_1766968093307_44n22fb
2025-12-29 05:58:28 : info: [S3 Service] Successfully uploaded temp-events/session_1766968093307_44n22fb.json to S3
2025-12-29 05:58:28 : info: [SERVICE] Appended 1 events to S3 temp and memory for session: session_1766968093307_44n22fb
2025-12-29 05:58:29 : info: [S3 Service] Successfully uploaded temp-events/session_1766968093307_44n22fb.json to S3
2025-12-29 05:58:29 : info: [SERVICE] Appended 2 events to S3 temp and memory for session: session_1766968093307_44n22fb
2025-12-29 05:58:29 : info: [SERVICE] Saving audio chunk for session session_1766968093307_44n22fb
2025-12-29 05:58:29 : info: [SERVICE] Saving video chunk for session session_1766968093307_44n22fb
2025-12-29 05:58:29 : info: [S3 Service] Successfully uploaded temp-events/session_1766968093307_44n22fb.json to S3
2025-12-29 05:58:29 : info: [SERVICE] Appended 1 events to S3 temp and memory for session: session_1766968093307_44n22fb
2025-12-29 05:58:30 : info: [S3 Service] Successfully uploaded temp-events/session_1766968093307_44n22fb.json to S3
2025-12-29 05:58:30 : info: [SERVICE] Appended 1 events to S3 temp and memory for session: session_1766968093307_44n22fb
2025-12-29 05:58:30 : info: [SERVICE] Saving video chunk for session session_1766968093307_44n22fb
2025-12-29 05:58:31 : info: [S3 Service] Successfully uploaded temp-events/session_1766968093307_44n22fb.json to S3
2025-12-29 05:58:31 : info: [SERVICE] Appended 4 events to S3 temp and memory for session: session_1766968093307_44n22fb
2025-12-29 05:58:31 : info: [SERVICE] Saving audio chunk for session session_1766968093307_44n22fb
2025-12-29 05:58:31 : info: [S3 Service] Successfully uploaded temp-events/session_1766968093307_44n22fb.json to S3
2025-12-29 05:58:31 : info: [SERVICE] Appended 2 events to S3 temp and memory for session: session_1766968093307_44n22fb
2025-12-29 05:58:31 : info: [S3 Service] Successfully uploaded temp-events/session_1766968093307_44n22fb.json to S3
2025-12-29 05:58:31 : info: [SERVICE] Appended 3 events to S3 temp and memory for session: session_1766968093307_44n22fb
2025-12-29 05:58:32 : info: [SERVICE] Saving video chunk for session session_1766968093307_44n22fb
2025-12-29 05:58:32 : info: [S3 Service] Successfully uploaded temp-events/session_1766968093307_44n22fb.json to S3
2025-12-29 05:58:32 : info: [SERVICE] Appended 3 events to S3 temp and memory for session: session_1766968093307_44n22fb
2025-12-29 05:58:33 : info: [SERVICE] Saving video chunk for session session_1766968093307_44n22fb
2025-12-29 05:58:33 : info: [S3 Service] Successfully uploaded temp-events/session_1766968093307_44n22fb.json to S3
2025-12-29 05:58:33 : info: [SERVICE] Appended 1 events to S3 temp and memory for session: session_1766968093307_44n22fb
2025-12-29 05:58:33 : info: [SERVICE] Saving audio chunk for session session_1766968093307_44n22fb
2025-12-29 05:58:33 : info: [S3 Service] Successfully uploaded temp-events/session_1766968093307_44n22fb.json to S3
2025-12-29 05:58:33 : info: [SERVICE] Appended 1 events to S3 temp and memory for session: session_1766968093307_44n22fb
2025-12-29 05:58:34 : info: [SERVICE] Saving video chunk for session session_1766968093307_44n22fb
2025-12-29 05:58:34 : info: [S3 Service] Successfully uploaded temp-events/session_1766968093307_44n22fb.json to S3
2025-12-29 05:58:34 : info: [SERVICE] Appended 1 events to S3 temp and memory for session: session_1766968093307_44n22fb
2025-12-29 05:58:34 : info: [S3 Service] Successfully uploaded temp-events/session_1766968093307_44n22fb.json to S3
2025-12-29 05:58:34 : info: [SERVICE] Appended 1 events to S3 temp and memory for session: session_1766968093307_44n22fb
2025-12-29 05:58:35 : info: [SERVICE] Saving video chunk for session session_1766968093307_44n22fb
2025-12-29 05:58:35 : info: [SERVICE] Saving audio chunk for session session_1766968093307_44n22fb
2025-12-29 05:58:35 : info: [S3 Service] Successfully uploaded temp-events/session_1766968093307_44n22fb.json to S3
2025-12-29 05:58:35 : info: [SERVICE] Appended 3 events to S3 temp and memory for session: session_1766968093307_44n22fb
2025-12-29 05:58:36 : info: [SERVICE] Saving video chunk for session session_1766968093307_44n22fb
2025-12-29 05:58:36 : info: [S3 Service] Successfully uploaded temp-events/session_1766968093307_44n22fb.json to S3
2025-12-29 05:58:36 : info: [SERVICE] Appended 2 events to S3 temp and memory for session: session_1766968093307_44n22fb
2025-12-29 05:58:37 : info: [SERVICE] Saving audio chunk for session session_1766968093307_44n22fb
2025-12-29 05:58:37 : info: [SERVICE] Saving video chunk for session session_1766968093307_44n22fb
2025-12-29 05:58:38 : info: [S3 Service] Successfully uploaded temp-events/session_1766968093307_44n22fb.json to S3
2025-12-29 05:58:38 : info: [SERVICE] Appended 2 events to S3 temp and memory for session: session_1766968093307_44n22fb
2025-12-29 05:58:38 : info: [S3 Service] Successfully uploaded temp-events/session_1766968093307_44n22fb.json to S3
2025-12-29 05:58:38 : info: [SERVICE] Appended 1 events to S3 temp and memory for session: session_1766968093307_44n22fb
2025-12-29 05:58:38 : info: [SERVICE] Saving video chunk for session session_1766968093307_44n22fb
2025-12-29 05:58:39 : info: [SERVICE] Saving audio chunk for session session_1766968093307_44n22fb
2025-12-29 05:58:39 : info: [SERVICE] Saving video chunk for session session_1766968093307_44n22fb
2025-12-29 05:58:40 : info: [S3 Service] Successfully uploaded temp-events/session_1766968093307_44n22fb.json to S3
2025-12-29 05:58:40 : info: [SERVICE] Appended 1 events to S3 temp and memory for session: session_1766968093307_44n22fb
2025-12-29 05:58:40 : info: [SERVICE] Saving video chunk for session session_1766968093307_44n22fb
2025-12-29 05:58:41 : info: [SERVICE] Saving audio chunk for session session_1766968093307_44n22fb
2025-12-29 05:58:41 : info: [S3 Service] Successfully uploaded temp-events/session_1766968093307_44n22fb.json to S3
2025-12-29 05:58:41 : info: [SERVICE] Appended 1 events to S3 temp and memory for session: session_1766968093307_44n22fb
2025-12-29 05:58:41 : info: [SERVICE] Saving video chunk for session session_1766968093307_44n22fb
2025-12-29 05:58:41 : info: [S3 Service] Successfully uploaded temp-events/session_1766968093307_44n22fb.json to S3
2025-12-29 05:58:41 : info: [SERVICE] Appended 1 events to S3 temp and memory for session: session_1766968093307_44n22fb
2025-12-29 05:58:42 : info: [S3 Service] Successfully uploaded temp-events/session_1766968093307_44n22fb.json to S3
2025-12-29 05:58:42 : info: [SERVICE] Appended 2 events to S3 temp and memory for session: session_1766968093307_44n22fb
2025-12-29 05:58:42 : info: [S3 Service] Successfully uploaded temp-events/session_1766968093307_44n22fb.json to S3
2025-12-29 05:58:42 : info: [SERVICE] Appended 1 events to S3 temp and memory for session: session_1766968093307_44n22fb
2025-12-29 05:58:42 : info: [SERVICE] Saving video chunk for session session_1766968093307_44n22fb
2025-12-29 05:58:43 : info: [SERVICE] Saving audio chunk for session session_1766968093307_44n22fb
2025-12-29 05:58:44 : info: [S3 Service] Successfully uploaded temp-events/session_1766968093307_44n22fb.json to S3
2025-12-29 05:58:44 : info: [SERVICE] Appended 1 events to S3 temp and memory for session: session_1766968093307_44n22fb
2025-12-29 05:58:44 : info: [S3 Service] Successfully uploaded temp-events/session_1766968093307_44n22fb.json to S3
2025-12-29 05:58:44 : info: [SERVICE] Appended 1 events to S3 temp and memory for session: session_1766968093307_44n22fb
2025-12-29 05:58:44 : info: [SERVICE] Saving video chunk for session session_1766968093307_44n22fb
2025-12-29 05:58:45 : info: [SERVICE] Saving audio chunk for session session_1766968093307_44n22fb
2025-12-29 05:58:45 : info: [SERVICE] Saving video chunk for session session_1766968093307_44n22fb
2025-12-29 05:58:46 : info: [S3 Service] Successfully uploaded temp-events/session_1766968093307_44n22fb.json to S3
2025-12-29 05:58:46 : info: [SERVICE] Appended 1 events to S3 temp and memory for session: session_1766968093307_44n22fb
2025-12-29 05:58:47 : info: [SERVICE] Saving video chunk for session session_1766968093307_44n22fb
2025-12-29 05:58:47 : info: [SERVICE] Saving audio chunk for session session_1766968093307_44n22fb
2025-12-29 05:58:47 : info: [SERVICE] Saving video chunk for session session_1766968093307_44n22fb
2025-12-29 05:58:48 : info: [SERVICE] Saving video chunk for session session_1766968093307_44n22fb
2025-12-29 05:58:49 : info: [SERVICE] Saving audio chunk for session session_1766968093307_44n22fb
2025-12-29 05:58:50 : info: [SERVICE] Saving video chunk for session session_1766968093307_44n22fb
2025-12-29 05:58:51 : info: [SERVICE] Saving video chunk for session session_1766968093307_44n22fb
2025-12-29 05:58:51 : info: [SERVICE] Saving audio chunk for session session_1766968093307_44n22fb
2025-12-29 05:58:52 : info: [SERVICE] Saving video chunk for session session_1766968093307_44n22fb
2025-12-29 05:58:53 : info: [SERVICE] Saving video chunk for session session_1766968093307_44n22fb
2025-12-29 05:58:53 : info: [SERVICE] Saving audio chunk for session session_1766968093307_44n22fb
2025-12-29 05:58:54 : info: [SERVICE] Saving video chunk for session session_1766968093307_44n22fb
2025-12-29 05:58:55 : info: [SERVICE] Saving video chunk for session session_1766968093307_44n22fb
2025-12-29 05:58:55 : info: [SERVICE] Saving audio chunk for session session_1766968093307_44n22fb
2025-12-29 05:58:56 : info: [SERVICE] Saving video chunk for session session_1766968093307_44n22fb
2025-12-29 05:58:57 : info: [SERVICE] Saving video chunk for session session_1766968093307_44n22fb
2025-12-29 05:58:57 : info: [SERVICE] Saving audio chunk for session session_1766968093307_44n22fb
2025-12-29 05:58:58 : info: [SERVICE] Saving video chunk for session session_1766968093307_44n22fb
2025-12-29 05:58:59 : info: [SERVICE] Saving video chunk for session session_1766968093307_44n22fb
2025-12-29 05:58:59 : info: [SERVICE] Saving audio chunk for session session_1766968093307_44n22fb
2025-12-29 05:59:00 : info: [SERVICE] Saving video chunk for session session_1766968093307_44n22fb
2025-12-29 05:59:01 : info: [SERVICE] Saving video chunk for session session_1766968093307_44n22fb
2025-12-29 05:59:01 : info: [SERVICE] Saving audio chunk for session session_1766968093307_44n22fb
2025-12-29 05:59:02 : info: [SERVICE] Saving video chunk for session session_1766968093307_44n22fb
2025-12-29 05:59:03 : info: [SERVICE] Saving video chunk for session session_1766968093307_44n22fb
2025-12-29 05:59:03 : info: [SERVICE] Saving audio chunk for session session_1766968093307_44n22fb
2025-12-29 05:59:04 : info: [SERVICE] Saving video chunk for session session_1766968093307_44n22fb
2025-12-29 05:59:05 : info: [SERVICE] Saving video chunk for session session_1766968093307_44n22fb
2025-12-29 05:59:06 : info: [SERVICE] Saving audio chunk for session session_1766968093307_44n22fb
2025-12-29 05:59:06 : info: [Recording Controller] 🏁 Finalizing session (Eager Flow): session_1766968093307_44n22fb
2025-12-29 05:59:06 : info: [SERVICE] Finalizing recording for session (S3 only): session_1766968093307_44n22fb
2025-12-29 05:59:11 : info: [S3 Service] Successfully uploaded recordings/session_1766968093307_44n22fb/video.webm to S3
2025-12-29 05:59:12 : info: [S3 Service] Successfully uploaded recordings/session_1766968093307_44n22fb/audio.webm to S3
2025-12-29 05:59:12 : info: [S3 Service] Successfully uploaded metadata/session_1766968093307_44n22fb.json to S3
2025-12-29 05:59:12 : info: [S3 Service] Successfully uploaded events/session_1766968093307_44n22fb.json to S3
2025-12-29 05:59:12 : info: [S3 Service] Successfully deleted temp-events/session_1766968093307_44n22fb.json from S3
2025-12-29 05:59:12 : warn: [Frontend Service] No client connected for session: session_1766968093307_44n22fb. Buffering video.
2025-12-29 05:59:12 : info: [Frontend Service] Buffered video message for session: session_1766968093307_44n22fb. Queue size: 1
2025-12-29 05:59:12 : warn: [Frontend Service] No client connected for session: session_1766968093307_44n22fb. Buffering audio.
2025-12-29 05:59:12 : info: [Frontend Service] Buffered audio message for session: session_1766968093307_44n22fb. Queue size: 2
2025-12-29 05:59:12 : info: [Recording Controller] 🤖 Starting Background AI Processing for: session_1766968093307_44n22fb
2025-12-29 05:59:12 : info: [Recording Controller] Transcribing audio file for session: session_1766968093307_44n22fb
2025-12-29 05:59:12 : info: [Deepgram] Transcribing file: D:\Code\FullStack\Clueso_Node_layer\src\uploads\audio_session_1766968093307_44n22fb.webm
2025-12-29 05:59:12 : info: [Deepgram] Building transcription options
2025-12-29 05:59:13 : info: [Frontend Service] Client connected: MHrEvD31Swl7D19VAAAV
2025-12-29 05:59:13 : info: [Frontend Service] Client MHrEvD31Swl7D19VAAAV registered for session: session_1766968093307_44n22fb
2025-12-29 05:59:13 : info: [Frontend Service] Flushing 2 buffered messages for session: session_1766968093307_44n22fb
2025-12-29 05:59:13 : info: [Frontend Service] Sending buffered video to session: session_1766968093307_44n22fb
2025-12-29 05:59:13 : info: [Frontend Service] Sending buffered audio to session: session_1766968093307_44n22fb
2025-12-29 05:59:16 : info: [Deepgram] File transcription complete
2025-12-29 05:59:16 : info: [Deepgram] Formatting result
2025-12-29 05:59:16 : info: [Deepgram] Saved full response to: D:\Code\FullStack\Clueso_Node_layer\deepgram_sessions\deepgram_session_1766968093307_44n22fb.json
2025-12-29 05:59:16 : info: [Deepgram] Final timeline built with
2025-12-29 05:59:16 : info: [S3 Service] Successfully uploaded recordings/session_1766968093307_44n22fb/deepgram.json to S3
2025-12-29 05:59:16 : info: [S3 Service] Successfully uploaded metadata/session_1766968093307_44n22fb.json to S3
2025-12-29 05:59:16 : info: [SERVICE] Deepgram status and duration updated in S3 for session: session_1766968093307_44n22fb
2025-12-29 05:59:16 : info: [Python Controller] Processing with AI:
2025-12-29 05:59:16 : info: [Python Controller] - Text: "This is yet another recording. This is my product. Melissa takes your project and knows them online...."
2025-12-29 05:59:16 : info: [Python Controller] - DOM Events: 60
2025-12-29 05:59:16 : info: [Python Controller] - Has Deepgram Response: true
2025-12-29 05:59:16 : info: [Python Controller] - Audio Path: D:\Code\FullStack\Clueso_Node_layer\src\uploads\audio_session_1766968093307_44n22fb.webm
2025-12-29 05:59:16 : info: [Python Controller] - Session ID: session_1766968093307_44n22fb
2025-12-29 05:59:16 : info: [Python Service] Sending session reference session_1766968093307_44n22fb to Python layer
2025-12-29 05:59:43 : info: [Python Service] Successfully received response from Python layer
2025-12-29 05:59:43 : info: [Python Controller] Successfully received response from Python layer
2025-12-29 05:59:43 : info: [Python Controller] Python response:
2025-12-29 05:59:43 : info: [Python Controller] Broadcasting consolidated results to frontend (11 inst, 5 effects, 1 narrations)
2025-12-29 05:59:43 : info: [Frontend Service] Sending Python-processed instructions to session: session_1766968093307_44n22fb
2025-12-29 05:59:43 : info: [Python Controller] Broadcasting audio from Python: http://localhost:8000/https://s3.ap-south-1.amazonaws.com/cdn.vocallabs.ai/recordings/session_1766968093307_44n22fb/processed_audio.mp3?X-Amz-Algorithm=AWS4-HMAC-SHA256&X-Amz-Checksum-Mode=ENABLED&X-Amz-Credential=AKIAUJ3VUUAO7GICQNEK%2F20251229%2Fap-south-1%2Fs3%2Faws4_request&X-Amz-Date=20251229T002943Z&X-Amz-Expires=86400&X-Amz-SignedHeaders=host&x-id=GetObject&X-Amz-Signature=04e68760c170faf0a093f18ff5dca4219c64ffa416c81fb960669e0461b6256c
2025-12-29 05:59:43 : info: [Frontend Service] Sending audio to session: session_1766968093307_44n22fb
2025-12-29 05:59:43 : info: [Recording Controller] ✅ Background AI processing completed for session: session_1766968093307_44n22fb
2025-12-29 06:20:12 : info: [SERVICE] Saving video chunk for session session_1766969406979_n3oljaz
2025-12-29 06:20:13 : info: [SERVICE] Saving audio chunk for session session_1766969406979_n3oljaz
2025-12-29 06:20:13 : info: [SERVICE] Saving video chunk for session session_1766969406979_n3oljaz
2025-12-29 06:20:13 : info: [S3 Service] Successfully uploaded temp-events/session_1766969406979_n3oljaz.json to S3
2025-12-29 06:20:13 : info: [SERVICE] Appended 1 events to S3 temp and memory for session: session_1766969406979_n3oljaz
2025-12-29 06:20:14 : info: [SERVICE] Saving video chunk for session session_1766969406979_n3oljaz
2025-12-29 06:20:15 : info: [S3 Service] Successfully uploaded temp-events/session_1766969406979_n3oljaz.json to S3
2025-12-29 06:20:15 : info: [SERVICE] Appended 4 events to S3 temp and memory for session: session_1766969406979_n3oljaz
2025-12-29 06:20:15 : info: [S3 Service] Successfully uploaded temp-events/session_1766969406979_n3oljaz.json to S3
2025-12-29 06:20:15 : info: [SERVICE] Appended 2 events to S3 temp and memory for session: session_1766969406979_n3oljaz
2025-12-29 06:20:15 : info: [SERVICE] Saving audio chunk for session session_1766969406979_n3oljaz
2025-12-29 06:20:15 : info: [S3 Service] Successfully uploaded temp-events/session_1766969406979_n3oljaz.json to S3
2025-12-29 06:20:15 : info: [SERVICE] Appended 4 events to S3 temp and memory for session: session_1766969406979_n3oljaz
2025-12-29 06:20:15 : info: [SERVICE] Saving video chunk for session session_1766969406979_n3oljaz
2025-12-29 06:20:15 : info: [S3 Service] Successfully uploaded temp-events/session_1766969406979_n3oljaz.json to S3
2025-12-29 06:20:15 : info: [SERVICE] Appended 3 events to S3 temp and memory for session: session_1766969406979_n3oljaz
2025-12-29 06:20:17 : info: [SERVICE] Saving video chunk for session session_1766969406979_n3oljaz
2025-12-29 06:20:17 : info: [SERVICE] Saving audio chunk for session session_1766969406979_n3oljaz
2025-12-29 06:20:18 : info: [SERVICE] Saving video chunk for session session_1766969406979_n3oljaz
2025-12-29 06:20:19 : info: [SERVICE] Saving audio chunk for session session_1766969406979_n3oljaz
2025-12-29 06:20:19 : info: [SERVICE] Saving video chunk for session session_1766969406979_n3oljaz
2025-12-29 06:20:20 : info: [SERVICE] Saving video chunk for session session_1766969406979_n3oljaz
2025-12-29 06:20:21 : info: [S3 Service] Successfully uploaded temp-events/session_1766969406979_n3oljaz.json to S3
2025-12-29 06:20:21 : info: [SERVICE] Appended 1 events to S3 temp and memory for session: session_1766969406979_n3oljaz
2025-12-29 06:20:21 : info: [SERVICE] Saving audio chunk for session session_1766969406979_n3oljaz
2025-12-29 06:20:22 : info: [SERVICE] Saving video chunk for session session_1766969406979_n3oljaz
2025-12-29 06:20:22 : info: [S3 Service] Successfully uploaded temp-events/session_1766969406979_n3oljaz.json to S3
2025-12-29 06:20:22 : info: [SERVICE] Appended 2 events to S3 temp and memory for session: session_1766969406979_n3oljaz
2025-12-29 06:20:23 : info: [SERVICE] Saving video chunk for session session_1766969406979_n3oljaz
2025-12-29 06:20:23 : info: [SERVICE] Saving audio chunk for session session_1766969406979_n3oljaz
2025-12-29 06:20:24 : info: [S3 Service] Successfully uploaded temp-events/session_1766969406979_n3oljaz.json to S3
2025-12-29 06:20:24 : info: [SERVICE] Appended 1 events to S3 temp and memory for session: session_1766969406979_n3oljaz
2025-12-29 06:20:24 : info: [SERVICE] Saving video chunk for session session_1766969406979_n3oljaz
2025-12-29 06:20:25 : info: [SERVICE] Saving video chunk for session session_1766969406979_n3oljaz
2025-12-29 06:20:25 : info: [S3 Service] Successfully uploaded temp-events/session_1766969406979_n3oljaz.json to S3
2025-12-29 06:20:25 : info: [SERVICE] Appended 2 events to S3 temp and memory for session: session_1766969406979_n3oljaz
2025-12-29 06:20:25 : info: [SERVICE] Saving audio chunk for session session_1766969406979_n3oljaz
2025-12-29 06:20:26 : info: [S3 Service] Successfully uploaded temp-events/session_1766969406979_n3oljaz.json to S3
2025-12-29 06:20:26 : info: [SERVICE] Appended 1 events to S3 temp and memory for session: session_1766969406979_n3oljaz
2025-12-29 06:20:26 : info: [SERVICE] Saving video chunk for session session_1766969406979_n3oljaz
2025-12-29 06:20:26 : info: [S3 Service] Successfully uploaded temp-events/session_1766969406979_n3oljaz.json to S3
2025-12-29 06:20:26 : info: [SERVICE] Appended 1 events to S3 temp and memory for session: session_1766969406979_n3oljaz
2025-12-29 06:20:27 : info: [S3 Service] Successfully uploaded temp-events/session_1766969406979_n3oljaz.json to S3
2025-12-29 06:20:27 : info: [SERVICE] Appended 1 events to S3 temp and memory for session: session_1766969406979_n3oljaz
2025-12-29 06:20:27 : info: [SERVICE] Saving video chunk for session session_1766969406979_n3oljaz
2025-12-29 06:20:27 : info: [SERVICE] Saving audio chunk for session session_1766969406979_n3oljaz
2025-12-29 06:20:27 : info: [S3 Service] Successfully uploaded temp-events/session_1766969406979_n3oljaz.json to S3
2025-12-29 06:20:27 : info: [SERVICE] Appended 3 events to S3 temp and memory for session: session_1766969406979_n3oljaz
2025-12-29 06:20:28 : info: [SERVICE] Saving video chunk for session session_1766969406979_n3oljaz
2025-12-29 06:20:28 : info: [S3 Service] Successfully uploaded temp-events/session_1766969406979_n3oljaz.json to S3
2025-12-29 06:20:28 : info: [SERVICE] Appended 3 events to S3 temp and memory for session: session_1766969406979_n3oljaz
2025-12-29 06:20:29 : info: [S3 Service] Successfully uploaded temp-events/session_1766969406979_n3oljaz.json to S3
2025-12-29 06:20:29 : info: [SERVICE] Appended 1 events to S3 temp and memory for session: session_1766969406979_n3oljaz
2025-12-29 06:20:29 : info: [SERVICE] Saving video chunk for session session_1766969406979_n3oljaz
2025-12-29 06:20:29 : info: [SERVICE] Saving audio chunk for session session_1766969406979_n3oljaz
2025-12-29 06:20:29 : info: [S3 Service] Successfully uploaded temp-events/session_1766969406979_n3oljaz.json to S3
2025-12-29 06:20:29 : info: [SERVICE] Appended 1 events to S3 temp and memory for session: session_1766969406979_n3oljaz
2025-12-29 06:20:30 : info: [S3 Service] Successfully uploaded temp-events/session_1766969406979_n3oljaz.json to S3
2025-12-29 06:20:30 : info: [SERVICE] Appended 2 events to S3 temp and memory for session: session_1766969406979_n3oljaz
2025-12-29 06:20:30 : info: [SERVICE] Saving video chunk for session session_1766969406979_n3oljaz
2025-12-29 06:20:31 : info: [S3 Service] Successfully uploaded temp-events/session_1766969406979_n3oljaz.json to S3
2025-12-29 06:20:31 : info: [SERVICE] Appended 1 events to S3 temp and memory for session: session_1766969406979_n3oljaz
2025-12-29 06:20:31 : info: [SERVICE] Saving video chunk for session session_1766969406979_n3oljaz
2025-12-29 06:20:31 : info: [SERVICE] Saving audio chunk for session session_1766969406979_n3oljaz
2025-12-29 06:20:32 : info: [SERVICE] Saving video chunk for session session_1766969406979_n3oljaz
2025-12-29 06:20:32 : info: [S3 Service] Successfully uploaded temp-events/session_1766969406979_n3oljaz.json to S3
2025-12-29 06:20:32 : info: [SERVICE] Appended 1 events to S3 temp and memory for session: session_1766969406979_n3oljaz
2025-12-29 06:20:33 : info: [SERVICE] Saving video chunk for session session_1766969406979_n3oljaz
2025-12-29 06:20:33 : info: [SERVICE] Saving audio chunk for session session_1766969406979_n3oljaz
2025-12-29 06:20:34 : info: [S3 Service] Successfully uploaded temp-events/session_1766969406979_n3oljaz.json to S3
2025-12-29 06:20:34 : info: [SERVICE] Appended 1 events to S3 temp and memory for session: session_1766969406979_n3oljaz
2025-12-29 06:20:34 : info: [S3 Service] Successfully uploaded temp-events/session_1766969406979_n3oljaz.json to S3
2025-12-29 06:20:34 : info: [SERVICE] Appended 1 events to S3 temp and memory for session: session_1766969406979_n3oljaz
2025-12-29 06:20:35 : info: [SERVICE] Saving video chunk for session session_1766969406979_n3oljaz
2025-12-29 06:20:35 : info: [SERVICE] Saving audio chunk for session session_1766969406979_n3oljaz
2025-12-29 06:20:36 : info: [SERVICE] Saving video chunk for session session_1766969406979_n3oljaz
2025-12-29 06:20:36 : info: [S3 Service] Successfully uploaded temp-events/session_1766969406979_n3oljaz.json to S3
2025-12-29 06:20:36 : info: [SERVICE] Appended 1 events to S3 temp and memory for session: session_1766969406979_n3oljaz
2025-12-29 06:20:37 : info: [SERVICE] Saving video chunk for session session_1766969406979_n3oljaz
2025-12-29 06:20:37 : info: [SERVICE] Saving audio chunk for session session_1766969406979_n3oljaz
2025-12-29 06:20:38 : info: [SERVICE] Saving video chunk for session session_1766969406979_n3oljaz
2025-12-29 06:20:39 : info: [SERVICE] Saving video chunk for session session_1766969406979_n3oljaz
2025-12-29 06:20:39 : info: [SERVICE] Saving audio chunk for session session_1766969406979_n3oljaz
2025-12-29 06:20:40 : info: [SERVICE] Saving video chunk for session session_1766969406979_n3oljaz
2025-12-29 06:20:41 : info: [SERVICE] Saving video chunk for session session_1766969406979_n3oljaz
2025-12-29 06:20:41 : info: [SERVICE] Saving audio chunk for session session_1766969406979_n3oljaz
2025-12-29 06:20:42 : info: [SERVICE] Saving video chunk for session session_1766969406979_n3oljaz
2025-12-29 06:20:43 : info: [SERVICE] Saving video chunk for session session_1766969406979_n3oljaz
2025-12-29 06:20:43 : info: [SERVICE] Saving audio chunk for session session_1766969406979_n3oljaz
2025-12-29 06:20:44 : info: [SERVICE] Saving video chunk for session session_1766969406979_n3oljaz
2025-12-29 06:20:45 : info: [SERVICE] Saving video chunk for session session_1766969406979_n3oljaz
2025-12-29 06:20:45 : info: [SERVICE] Saving audio chunk for session session_1766969406979_n3oljaz
2025-12-29 06:20:46 : info: [SERVICE] Saving video chunk for session session_1766969406979_n3oljaz
2025-12-29 06:20:47 : info: [SERVICE] Saving video chunk for session session_1766969406979_n3oljaz
2025-12-29 06:20:47 : info: [SERVICE] Saving audio chunk for session session_1766969406979_n3oljaz
2025-12-29 06:20:48 : info: [SERVICE] Saving video chunk for session session_1766969406979_n3oljaz
2025-12-29 06:20:49 : info: [SERVICE] Saving video chunk for session session_1766969406979_n3oljaz
2025-12-29 06:20:49 : info: [SERVICE] Saving audio chunk for session session_1766969406979_n3oljaz
2025-12-29 06:20:50 : info: [SERVICE] Saving video chunk for session session_1766969406979_n3oljaz
2025-12-29 06:20:52 : info: [SERVICE] Saving audio chunk for session session_1766969406979_n3oljaz
2025-12-29 06:20:52 : info: [SERVICE] Saving video chunk for session session_1766969406979_n3oljaz
2025-12-29 06:20:53 : info: [SERVICE] Saving video chunk for session session_1766969406979_n3oljaz
2025-12-29 06:20:54 : info: [SERVICE] Saving audio chunk for session session_1766969406979_n3oljaz
2025-12-29 06:20:54 : info: [SERVICE] Saving video chunk for session session_1766969406979_n3oljaz
2025-12-29 06:20:55 : info: [SERVICE] Saving video chunk for session session_1766969406979_n3oljaz
2025-12-29 06:20:56 : info: [SERVICE] Saving audio chunk for session session_1766969406979_n3oljaz
2025-12-29 06:20:56 : info: [SERVICE] Saving video chunk for session session_1766969406979_n3oljaz
2025-12-29 06:20:57 : info: [SERVICE] Saving video chunk for session session_1766969406979_n3oljaz
2025-12-29 06:20:58 : info: [SERVICE] Saving audio chunk for session session_1766969406979_n3oljaz
2025-12-29 06:20:58 : info: [SERVICE] Saving video chunk for session session_1766969406979_n3oljaz
2025-12-29 06:20:59 : info: [SERVICE] Saving video chunk for session session_1766969406979_n3oljaz
2025-12-29 06:21:00 : info: [SERVICE] Saving audio chunk for session session_1766969406979_n3oljaz
2025-12-29 06:21:00 : info: [SERVICE] Saving video chunk for session session_1766969406979_n3oljaz
2025-12-29 06:21:01 : info: [SERVICE] Saving video chunk for session session_1766969406979_n3oljaz
2025-12-29 06:21:02 : info: [SERVICE] Saving audio chunk for session session_1766969406979_n3oljaz
2025-12-29 06:21:02 : info: [SERVICE] Saving video chunk for session session_1766969406979_n3oljaz
2025-12-29 06:21:03 : info: [SERVICE] Saving video chunk for session session_1766969406979_n3oljaz
2025-12-29 06:21:04 : info: [SERVICE] Saving audio chunk for session session_1766969406979_n3oljaz
2025-12-29 06:21:04 : info: [SERVICE] Saving video chunk for session session_1766969406979_n3oljaz
2025-12-29 06:21:05 : info: [SERVICE] Saving video chunk for session session_1766969406979_n3oljaz
2025-12-29 06:21:06 : info: [SERVICE] Saving audio chunk for session session_1766969406979_n3oljaz
2025-12-29 06:21:06 : info: [SERVICE] Saving video chunk for session session_1766969406979_n3oljaz
2025-12-29 06:21:07 : info: [SERVICE] Saving video chunk for session session_1766969406979_n3oljaz
2025-12-29 06:21:08 : info: [SERVICE] Saving audio chunk for session session_1766969406979_n3oljaz
2025-12-29 06:21:09 : info: [SERVICE] Saving video chunk for session session_1766969406979_n3oljaz
2025-12-29 06:21:10 : info: [SERVICE] Saving audio chunk for session session_1766969406979_n3oljaz
2025-12-29 06:21:10 : info: [SERVICE] Saving video chunk for session session_1766969406979_n3oljaz
2025-12-29 06:21:11 : info: [SERVICE] Saving video chunk for session session_1766969406979_n3oljaz
2025-12-29 06:21:12 : info: [SERVICE] Saving audio chunk for session session_1766969406979_n3oljaz
2025-12-29 06:21:12 : info: [Recording Controller] 🏁 Finalizing session (Eager Flow): session_1766969406979_n3oljaz
2025-12-29 06:21:12 : info: [SERVICE] Finalizing recording for session (S3 only): session_1766969406979_n3oljaz
2025-12-29 06:21:14 : info: [S3 Service] Successfully uploaded recordings/session_1766969406979_n3oljaz/video.webm to S3
2025-12-29 06:21:14 : info: [S3 Service] Successfully uploaded recordings/session_1766969406979_n3oljaz/audio.webm to S3
2025-12-29 06:21:14 : info: [S3 Service] Successfully uploaded metadata/session_1766969406979_n3oljaz.json to S3
2025-12-29 06:21:14 : info: [S3 Service] Successfully uploaded events/session_1766969406979_n3oljaz.json to S3
2025-12-29 06:21:14 : info: [S3 Service] Successfully deleted temp-events/session_1766969406979_n3oljaz.json from S3
2025-12-29 06:21:14 : warn: [Frontend Service] No client connected for session: session_1766969406979_n3oljaz. Buffering video.
2025-12-29 06:21:14 : info: [Frontend Service] Buffered video message for session: session_1766969406979_n3oljaz. Queue size: 1
2025-12-29 06:21:14 : warn: [Frontend Service] No client connected for session: session_1766969406979_n3oljaz. Buffering audio.
2025-12-29 06:21:14 : info: [Frontend Service] Buffered audio message for session: session_1766969406979_n3oljaz. Queue size: 2
2025-12-29 06:21:14 : info: [Recording Controller] 🤖 Starting Background AI Processing for: session_1766969406979_n3oljaz
2025-12-29 06:21:14 : info: [Recording Controller] Transcribing audio file for session: session_1766969406979_n3oljaz
2025-12-29 06:21:14 : info: [Deepgram] Transcribing file: D:\Code\FullStack\Clueso_Node_layer\src\uploads\audio_session_1766969406979_n3oljaz.webm
2025-12-29 06:21:14 : info: [Deepgram] Building transcription options
2025-12-29 06:21:16 : info: [Frontend Service] Client connected: rktPQCkeJJQeoe-vAAAX
2025-12-29 06:21:16 : info: [Frontend Service] Client rktPQCkeJJQeoe-vAAAX registered for session: session_1766969406979_n3oljaz
2025-12-29 06:21:16 : info: [Frontend Service] Flushing 2 buffered messages for session: session_1766969406979_n3oljaz
2025-12-29 06:21:16 : info: [Frontend Service] Sending buffered video to session: session_1766969406979_n3oljaz
2025-12-29 06:21:16 : info: [Frontend Service] Sending buffered audio to session: session_1766969406979_n3oljaz
2025-12-29 06:21:18 : info: [Deepgram] File transcription complete
2025-12-29 06:21:18 : info: [Deepgram] Formatting result
2025-12-29 06:21:18 : info: [Deepgram] Saved full response to: D:\Code\FullStack\Clueso_Node_layer\deepgram_sessions\deepgram_session_1766969406979_n3oljaz.json
2025-12-29 06:21:18 : info: [Deepgram] Final timeline built with
2025-12-29 06:21:18 : info: [S3 Service] Successfully uploaded recordings/session_1766969406979_n3oljaz/deepgram.json to S3
2025-12-29 06:21:18 : info: [S3 Service] Successfully uploaded metadata/session_1766969406979_n3oljaz.json to S3
2025-12-29 06:21:18 : info: [SERVICE] Deepgram status and duration updated in S3 for session: session_1766969406979_n3oljaz
2025-12-29 06:21:18 : info: [Python Controller] Processing with AI:
2025-12-29 06:21:18 : info: [Python Controller] - Text: "So this is my project. What it does is it takes your project and host it online. In the integration,..."
2025-12-29 06:21:18 : info: [Python Controller] - DOM Events: 38
2025-12-29 06:21:18 : info: [Python Controller] - Has Deepgram Response: true
2025-12-29 06:21:18 : info: [Python Controller] - Audio Path: D:\Code\FullStack\Clueso_Node_layer\src\uploads\audio_session_1766969406979_n3oljaz.webm
2025-12-29 06:21:18 : info: [Python Controller] - Session ID: session_1766969406979_n3oljaz
2025-12-29 06:21:18 : info: [Python Service] Sending session reference session_1766969406979_n3oljaz to Python layer
2025-12-29 06:22:18 : error: [Python Service] Error sending data to Python layer: The user aborted a request.
2025-12-29 06:22:18 : error: [Python Controller] Error processing with AI: AbortError: The user aborted a request.
2025-12-29 06:22:18 : info: [Frontend Service] Sending Python-processed instructions to session: session_1766969406979_n3oljaz
2025-12-29 06:24:32 : info: [Frontend Service] Client disconnected and removed from session: session_1766969406979_n3oljaz
2025-12-29 06:24:33 : info: [Frontend Service] Client connected: ckJBQuvtQi7pJJ96AAAZ
2025-12-29 06:24:33 : info: [Frontend Service] Client ckJBQuvtQi7pJJ96AAAZ registered for session: session_1766969406979_n3oljaz
2025-12-29 06:25:27 : info: [Frontend Service] Client disconnected and removed from session: session_1766969406979_n3oljaz
2025-12-29 06:25:56 : info: [Frontend Service] Client disconnected and removed from session: session_1766968093307_44n22fb
2025-12-29 06:26:22 : info: [SERVICE] Saving video chunk for session session_1766969777596_k45xgit
2025-12-29 06:26:22 : info: [S3 Service] Successfully uploaded temp-events/session_1766969777596_k45xgit.json to S3
2025-12-29 06:26:22 : info: [SERVICE] Appended 2 events to S3 temp and memory for session: session_1766969777596_k45xgit
2025-12-29 06:26:23 : info: [SERVICE] Saving video chunk for session session_1766969777596_k45xgit
2025-12-29 06:26:23 : info: [SERVICE] Saving audio chunk for session session_1766969777596_k45xgit
2025-12-29 06:26:24 : info: [SERVICE] Saving video chunk for session session_1766969777596_k45xgit
2025-12-29 06:26:25 : info: [SERVICE] Saving audio chunk for session session_1766969777596_k45xgit
2025-12-29 06:26:25 : info: [SERVICE] Saving video chunk for session session_1766969777596_k45xgit
2025-12-29 06:26:26 : info: [SERVICE] Saving video chunk for session session_1766969777596_k45xgit
2025-12-29 06:26:26 : info: [S3 Service] Successfully uploaded temp-events/session_1766969777596_k45xgit.json to S3
2025-12-29 06:26:26 : info: [SERVICE] Appended 6 events to S3 temp and memory for session: session_1766969777596_k45xgit
2025-12-29 06:26:26 : info: [S3 Service] Successfully uploaded temp-events/session_1766969777596_k45xgit.json to S3
2025-12-29 06:26:26 : info: [SERVICE] Appended 2 events to S3 temp and memory for session: session_1766969777596_k45xgit
2025-12-29 06:26:27 : info: [S3 Service] Successfully uploaded temp-events/session_1766969777596_k45xgit.json to S3
2025-12-29 06:26:27 : info: [SERVICE] Appended 2 events to S3 temp and memory for session: session_1766969777596_k45xgit
2025-12-29 06:26:27 : info: [SERVICE] Saving audio chunk for session session_1766969777596_k45xgit
2025-12-29 06:26:27 : info: [SERVICE] Saving video chunk for session session_1766969777596_k45xgit
2025-12-29 06:26:27 : info: [S3 Service] Successfully uploaded temp-events/session_1766969777596_k45xgit.json to S3
2025-12-29 06:26:27 : info: [SERVICE] Appended 4 events to S3 temp and memory for session: session_1766969777596_k45xgit
2025-12-29 06:26:27 : info: [S3 Service] Successfully uploaded temp-events/session_1766969777596_k45xgit.json to S3
2025-12-29 06:26:27 : info: [SERVICE] Appended 1 events to S3 temp and memory for session: session_1766969777596_k45xgit
2025-12-29 06:26:28 : info: [SERVICE] Saving video chunk for session session_1766969777596_k45xgit
2025-12-29 06:26:28 : info: [S3 Service] Successfully uploaded temp-events/session_1766969777596_k45xgit.json to S3
2025-12-29 06:26:28 : info: [SERVICE] Appended 1 events to S3 temp and memory for session: session_1766969777596_k45xgit
2025-12-29 06:26:29 : info: [SERVICE] Saving audio chunk for session session_1766969777596_k45xgit
2025-12-29 06:26:29 : info: [S3 Service] Successfully uploaded temp-events/session_1766969777596_k45xgit.json to S3
2025-12-29 06:26:29 : info: [SERVICE] Appended 1 events to S3 temp and memory for session: session_1766969777596_k45xgit
2025-12-29 06:26:29 : info: [SERVICE] Saving video chunk for session session_1766969777596_k45xgit
2025-12-29 06:26:30 : info: [S3 Service] Successfully uploaded temp-events/session_1766969777596_k45xgit.json to S3
2025-12-29 06:26:30 : info: [SERVICE] Appended 2 events to S3 temp and memory for session: session_1766969777596_k45xgit
2025-12-29 06:26:30 : info: [SERVICE] Saving video chunk for session session_1766969777596_k45xgit
2025-12-29 06:26:30 : info: [S3 Service] Successfully uploaded temp-events/session_1766969777596_k45xgit.json to S3
2025-12-29 06:26:30 : info: [SERVICE] Appended 1 events to S3 temp and memory for session: session_1766969777596_k45xgit
2025-12-29 06:26:31 : info: [SERVICE] Saving audio chunk for session session_1766969777596_k45xgit
2025-12-29 06:26:31 : info: [SERVICE] Saving video chunk for session session_1766969777596_k45xgit
2025-12-29 06:26:32 : info: [SERVICE] Saving video chunk for session session_1766969777596_k45xgit
2025-12-29 06:26:33 : info: [S3 Service] Successfully uploaded temp-events/session_1766969777596_k45xgit.json to S3
2025-12-29 06:26:33 : info: [SERVICE] Appended 1 events to S3 temp and memory for session: session_1766969777596_k45xgit
2025-12-29 06:26:33 : info: [SERVICE] Saving audio chunk for session session_1766969777596_k45xgit
2025-12-29 06:26:33 : info: [SERVICE] Saving video chunk for session session_1766969777596_k45xgit
2025-12-29 06:26:34 : info: [SERVICE] Saving video chunk for session session_1766969777596_k45xgit
2025-12-29 06:26:35 : info: [SERVICE] Saving audio chunk for session session_1766969777596_k45xgit
2025-12-29 06:26:35 : info: [SERVICE] Saving video chunk for session session_1766969777596_k45xgit
2025-12-29 06:26:36 : info: [SERVICE] Saving video chunk for session session_1766969777596_k45xgit
2025-12-29 06:26:37 : info: [SERVICE] Saving audio chunk for session session_1766969777596_k45xgit
2025-12-29 06:26:37 : info: [SERVICE] Saving video chunk for session session_1766969777596_k45xgit
2025-12-29 06:26:38 : info: [SERVICE] Saving video chunk for session session_1766969777596_k45xgit
2025-12-29 06:26:39 : info: [SERVICE] Saving audio chunk for session session_1766969777596_k45xgit
2025-12-29 06:26:40 : info: [SERVICE] Saving video chunk for session session_1766969777596_k45xgit
2025-12-29 06:26:41 : info: [SERVICE] Saving video chunk for session session_1766969777596_k45xgit
2025-12-29 06:26:41 : info: [SERVICE] Saving audio chunk for session session_1766969777596_k45xgit
2025-12-29 06:26:42 : info: [SERVICE] Saving video chunk for session session_1766969777596_k45xgit
2025-12-29 06:26:43 : info: [SERVICE] Saving video chunk for session session_1766969777596_k45xgit
2025-12-29 06:26:43 : info: [SERVICE] Saving audio chunk for session session_1766969777596_k45xgit
2025-12-29 06:26:44 : info: [SERVICE] Saving video chunk for session session_1766969777596_k45xgit
2025-12-29 06:26:45 : info: [SERVICE] Saving audio chunk for session session_1766969777596_k45xgit
2025-12-29 06:26:45 : info: [SERVICE] Saving video chunk for session session_1766969777596_k45xgit
2025-12-29 06:26:46 : info: [SERVICE] Saving video chunk for session session_1766969777596_k45xgit
2025-12-29 06:26:47 : info: [SERVICE] Saving audio chunk for session session_1766969777596_k45xgit
2025-12-29 06:26:47 : info: [SERVICE] Saving video chunk for session session_1766969777596_k45xgit
2025-12-29 06:26:48 : info: [SERVICE] Saving video chunk for session session_1766969777596_k45xgit
2025-12-29 06:26:49 : info: [SERVICE] Saving audio chunk for session session_1766969777596_k45xgit
2025-12-29 06:26:49 : info: [SERVICE] Saving video chunk for session session_1766969777596_k45xgit
2025-12-29 06:26:51 : info: [SERVICE] Saving video chunk for session session_1766969777596_k45xgit
2025-12-29 06:26:51 : info: [SERVICE] Saving audio chunk for session session_1766969777596_k45xgit
2025-12-29 06:26:52 : info: [SERVICE] Saving video chunk for session session_1766969777596_k45xgit
2025-12-29 06:26:53 : info: [SERVICE] Saving video chunk for session session_1766969777596_k45xgit
2025-12-29 06:26:53 : info: [SERVICE] Saving audio chunk for session session_1766969777596_k45xgit
2025-12-29 06:26:54 : info: [SERVICE] Saving video chunk for session session_1766969777596_k45xgit
2025-12-29 06:26:55 : info: [SERVICE] Saving video chunk for session session_1766969777596_k45xgit
2025-12-29 06:26:55 : info: [SERVICE] Saving audio chunk for session session_1766969777596_k45xgit
2025-12-29 06:26:56 : info: [SERVICE] Saving video chunk for session session_1766969777596_k45xgit
2025-12-29 06:26:57 : info: [SERVICE] Saving video chunk for session session_1766969777596_k45xgit
2025-12-29 06:26:57 : info: [SERVICE] Saving audio chunk for session session_1766969777596_k45xgit
2025-12-29 06:26:58 : info: [SERVICE] Saving video chunk for session session_1766969777596_k45xgit
2025-12-29 06:26:59 : info: [SERVICE] Saving video chunk for session session_1766969777596_k45xgit
2025-12-29 06:26:59 : info: [SERVICE] Saving audio chunk for session session_1766969777596_k45xgit
2025-12-29 06:27:00 : info: [SERVICE] Saving video chunk for session session_1766969777596_k45xgit
2025-12-29 06:27:01 : info: [SERVICE] Saving video chunk for session session_1766969777596_k45xgit
2025-12-29 06:27:01 : info: [SERVICE] Saving audio chunk for session session_1766969777596_k45xgit
2025-12-29 06:27:02 : info: [SERVICE] Saving video chunk for session session_1766969777596_k45xgit
2025-12-29 06:27:03 : info: [SERVICE] Saving video chunk for session session_1766969777596_k45xgit
2025-12-29 06:27:03 : info: [SERVICE] Saving audio chunk for session session_1766969777596_k45xgit
2025-12-29 06:27:04 : info: [SERVICE] Saving video chunk for session session_1766969777596_k45xgit
2025-12-29 06:27:05 : info: [SERVICE] Saving video chunk for session session_1766969777596_k45xgit
2025-12-29 06:27:05 : info: [SERVICE] Saving audio chunk for session session_1766969777596_k45xgit
2025-12-29 06:27:07 : info: [SERVICE] Saving video chunk for session session_1766969777596_k45xgit
2025-12-29 06:27:08 : info: [SERVICE] Saving audio chunk for session session_1766969777596_k45xgit
2025-12-29 06:27:08 : info: [SERVICE] Saving video chunk for session session_1766969777596_k45xgit
2025-12-29 06:27:09 : info: [SERVICE] Saving video chunk for session session_1766969777596_k45xgit
2025-12-29 06:27:09 : info: [Recording Controller] 🏁 Finalizing session (Eager Flow): session_1766969777596_k45xgit
2025-12-29 06:27:09 : info: [SERVICE] Finalizing recording for session (S3 only): session_1766969777596_k45xgit
2025-12-29 06:27:11 : info: [S3 Service] Successfully uploaded recordings/session_1766969777596_k45xgit/video.webm to S3
2025-12-29 06:27:11 : info: [S3 Service] Successfully uploaded recordings/session_1766969777596_k45xgit/audio.webm to S3
2025-12-29 06:27:12 : info: [S3 Service] Successfully uploaded metadata/session_1766969777596_k45xgit.json to S3
2025-12-29 06:27:12 : info: [S3 Service] Successfully uploaded events/session_1766969777596_k45xgit.json to S3
2025-12-29 06:27:12 : info: [S3 Service] Successfully deleted temp-events/session_1766969777596_k45xgit.json from S3
2025-12-29 06:27:12 : warn: [Frontend Service] No client connected for session: session_1766969777596_k45xgit. Buffering video.
2025-12-29 06:27:12 : info: [Frontend Service] Buffered video message for session: session_1766969777596_k45xgit. Queue size: 1
2025-12-29 06:27:12 : warn: [Frontend Service] No client connected for session: session_1766969777596_k45xgit. Buffering audio.
2025-12-29 06:27:12 : info: [Frontend Service] Buffered audio message for session: session_1766969777596_k45xgit. Queue size: 2
2025-12-29 06:27:12 : info: [Recording Controller] 🤖 Starting Background AI Processing for: session_1766969777596_k45xgit
2025-12-29 06:27:12 : info: [Recording Controller] Transcribing audio file for session: session_1766969777596_k45xgit
2025-12-29 06:27:12 : info: [Deepgram] Transcribing file: D:\Code\FullStack\Clueso_Node_layer\src\uploads\audio_session_1766969777596_k45xgit.webm
2025-12-29 06:27:12 : info: [Deepgram] Building transcription options
2025-12-29 06:27:13 : info: [Frontend Service] Client connected: z9KSgZ-D9jNP1ny1AAAb
2025-12-29 06:27:13 : info: [Frontend Service] Client z9KSgZ-D9jNP1ny1AAAb registered for session: session_1766969777596_k45xgit
2025-12-29 06:27:13 : info: [Frontend Service] Flushing 2 buffered messages for session: session_1766969777596_k45xgit
2025-12-29 06:27:13 : info: [Frontend Service] Sending buffered video to session: session_1766969777596_k45xgit
2025-12-29 06:27:13 : info: [Frontend Service] Sending buffered audio to session: session_1766969777596_k45xgit
2025-12-29 06:27:15 : info: [Deepgram] File transcription complete
2025-12-29 06:27:15 : info: [Deepgram] Formatting result
2025-12-29 06:27:15 : info: [Deepgram] Saved full response to: D:\Code\FullStack\Clueso_Node_layer\deepgram_sessions\deepgram_session_1766969777596_k45xgit.json
2025-12-29 06:27:15 : info: [Deepgram] Final timeline built with
2025-12-29 06:27:15 : info: [S3 Service] Successfully uploaded recordings/session_1766969777596_k45xgit/deepgram.json to S3
2025-12-29 06:27:15 : info: [S3 Service] Successfully uploaded metadata/session_1766969777596_k45xgit.json to S3
2025-12-29 06:27:15 : info: [SERVICE] Deepgram status and duration updated in S3 for session: session_1766969777596_k45xgit
2025-12-29 06:27:15 : info: [Python Controller] Processing with AI:
2025-12-29 06:27:15 : info: [Python Controller] - Text: "So this is a new project, Versa. What it does, it takes a project and post it online. You can also i..."
2025-12-29 06:27:15 : info: [Python Controller] - DOM Events: 23
2025-12-29 06:27:15 : info: [Python Controller] - Has Deepgram Response: true
2025-12-29 06:27:15 : info: [Python Controller] - Audio Path: D:\Code\FullStack\Clueso_Node_layer\src\uploads\audio_session_1766969777596_k45xgit.webm
2025-12-29 06:27:15 : info: [Python Controller] - Session ID: session_1766969777596_k45xgit
2025-12-29 06:27:15 : info: [Python Service] Sending session reference session_1766969777596_k45xgit to Python layer
2025-12-29 06:28:14 : info: [Python Service] Successfully received response from Python layer
2025-12-29 06:28:14 : info: [Python Controller] Successfully received response from Python layer
2025-12-29 06:28:14 : info: [Python Controller] Python response:
2025-12-29 06:28:14 : info: [Python Controller] Broadcasting consolidated results to frontend (4 inst, 3 effects, 5 narrations)
2025-12-29 06:28:14 : info: [Frontend Service] Sending Python-processed instructions to session: session_1766969777596_k45xgit
2025-12-29 06:28:14 : info: [Python Controller] Broadcasting audio from Python: http://localhost:8000/https://s3.ap-south-1.amazonaws.com/cdn.vocallabs.ai/recordings/session_1766969777596_k45xgit/processed_audio.mp3?X-Amz-Algorithm=AWS4-HMAC-SHA256&X-Amz-Checksum-Mode=ENABLED&X-Amz-Credential=AKIAUJ3VUUAO7GICQNEK%2F20251229%2Fap-south-1%2Fs3%2Faws4_request&X-Amz-Date=20251229T005814Z&X-Amz-Expires=86400&X-Amz-SignedHeaders=host&x-id=GetObject&X-Amz-Signature=abed28f3deb5608edc7d6a378e8e900f2ca31826052f70b1da19effe1fa96a17
2025-12-29 06:28:14 : info: [Frontend Service] Sending audio to session: session_1766969777596_k45xgit
2025-12-29 06:28:14 : info: [Recording Controller] ✅ Background AI processing completed for session: session_1766969777596_k45xgit
2025-12-29 06:33:07 : info: [Frontend Service] Client connected: eaZYJNVZX0NL0amgAAAd
2025-12-29 06:33:07 : warn: [Frontend Service] Session session_1766969777596_k45xgit already has a client, disconnecting old client
2025-12-29 06:33:07 : info: [Frontend Service] Client disconnected and removed from session: session_1766969777596_k45xgit
2025-12-29 06:33:07 : info: [Frontend Service] Client eaZYJNVZX0NL0amgAAAd registered for session: session_1766969777596_k45xgit
2025-12-29 06:34:34 : info: [Frontend Service] Client disconnected and removed from session: session_1766969777596_k45xgit
2025-12-29 06:40:31 : info: [SERVICE] Saving video chunk for session session_1766970625949_0co69ba
2025-12-29 06:40:31 : info: [S3 Service] Successfully uploaded temp-events/session_1766970625949_0co69ba.json to S3
2025-12-29 06:40:31 : info: [SERVICE] Appended 2 events to S3 temp and memory for session: session_1766970625949_0co69ba
2025-12-29 06:40:32 : info: [SERVICE] Saving audio chunk for session session_1766970625949_0co69ba
2025-12-29 06:40:32 : info: [SERVICE] Saving video chunk for session session_1766970625949_0co69ba
2025-12-29 06:40:32 : info: [S3 Service] Successfully uploaded temp-events/session_1766970625949_0co69ba.json to S3
2025-12-29 06:40:32 : info: [SERVICE] Appended 5 events to S3 temp and memory for session: session_1766970625949_0co69ba
2025-12-29 06:40:32 : info: [S3 Service] Successfully uploaded temp-events/session_1766970625949_0co69ba.json to S3
2025-12-29 06:40:32 : info: [SERVICE] Appended 2 events to S3 temp and memory for session: session_1766970625949_0co69ba
2025-12-29 06:40:33 : info: [SERVICE] Saving video chunk for session session_1766970625949_0co69ba
2025-12-29 06:40:33 : info: [S3 Service] Successfully uploaded temp-events/session_1766970625949_0co69ba.json to S3
2025-12-29 06:40:33 : info: [SERVICE] Appended 1 events to S3 temp and memory for session: session_1766970625949_0co69ba
2025-12-29 06:40:34 : info: [SERVICE] Saving audio chunk for session session_1766970625949_0co69ba
2025-12-29 06:40:34 : info: [SERVICE] Saving video chunk for session session_1766970625949_0co69ba
2025-12-29 06:40:34 : info: [S3 Service] Successfully uploaded temp-events/session_1766970625949_0co69ba.json to S3
2025-12-29 06:40:34 : info: [SERVICE] Appended 5 events to S3 temp and memory for session: session_1766970625949_0co69ba
2025-12-29 06:40:34 : info: [S3 Service] Successfully uploaded temp-events/session_1766970625949_0co69ba.json to S3
2025-12-29 06:40:34 : info: [SERVICE] Appended 3 events to S3 temp and memory for session: session_1766970625949_0co69ba
2025-12-29 06:40:34 : info: [S3 Service] Successfully uploaded temp-events/session_1766970625949_0co69ba.json to S3
2025-12-29 06:40:34 : info: [SERVICE] Appended 1 events to S3 temp and memory for session: session_1766970625949_0co69ba
2025-12-29 06:40:34 : info: [S3 Service] Successfully uploaded temp-events/session_1766970625949_0co69ba.json to S3
2025-12-29 06:40:34 : info: [SERVICE] Appended 1 events to S3 temp and memory for session: session_1766970625949_0co69ba
2025-12-29 06:40:35 : info: [SERVICE] Saving video chunk for session session_1766970625949_0co69ba
2025-12-29 06:40:35 : info: [S3 Service] Successfully uploaded temp-events/session_1766970625949_0co69ba.json to S3
2025-12-29 06:40:35 : info: [SERVICE] Appended 1 events to S3 temp and memory for session: session_1766970625949_0co69ba
2025-12-29 06:40:36 : info: [SERVICE] Saving audio chunk for session session_1766970625949_0co69ba
2025-12-29 06:40:36 : info: [SERVICE] Saving video chunk for session session_1766970625949_0co69ba
2025-12-29 06:40:37 : info: [SERVICE] Saving video chunk for session session_1766970625949_0co69ba
2025-12-29 06:40:38 : info: [SERVICE] Saving audio chunk for session session_1766970625949_0co69ba
2025-12-29 06:40:39 : info: [SERVICE] Saving video chunk for session session_1766970625949_0co69ba
2025-12-29 06:40:40 : info: [SERVICE] Saving audio chunk for session session_1766970625949_0co69ba
2025-12-29 06:40:40 : info: [SERVICE] Saving video chunk for session session_1766970625949_0co69ba
2025-12-29 06:40:41 : info: [S3 Service] Successfully uploaded temp-events/session_1766970625949_0co69ba.json to S3
2025-12-29 06:40:41 : info: [SERVICE] Appended 2 events to S3 temp and memory for session: session_1766970625949_0co69ba
2025-12-29 06:40:42 : info: [SERVICE] Saving video chunk for session session_1766970625949_0co69ba
2025-12-29 06:40:42 : info: [SERVICE] Saving audio chunk for session session_1766970625949_0co69ba
2025-12-29 06:40:43 : info: [SERVICE] Saving video chunk for session session_1766970625949_0co69ba
2025-12-29 06:40:43 : info: [S3 Service] Successfully uploaded temp-events/session_1766970625949_0co69ba.json to S3
2025-12-29 06:40:43 : info: [SERVICE] Appended 2 events to S3 temp and memory for session: session_1766970625949_0co69ba
2025-12-29 06:40:44 : info: [SERVICE] Saving video chunk for session session_1766970625949_0co69ba
2025-12-29 06:40:44 : info: [SERVICE] Saving audio chunk for session session_1766970625949_0co69ba
2025-12-29 06:40:44 : info: [S3 Service] Successfully uploaded temp-events/session_1766970625949_0co69ba.json to S3
2025-12-29 06:40:44 : info: [SERVICE] Appended 1 events to S3 temp and memory for session: session_1766970625949_0co69ba
2025-12-29 06:40:45 : info: [SERVICE] Saving video chunk for session session_1766970625949_0co69ba
2025-12-29 06:40:45 : info: [S3 Service] Successfully uploaded temp-events/session_1766970625949_0co69ba.json to S3
2025-12-29 06:40:45 : info: [SERVICE] Appended 1 events to S3 temp and memory for session: session_1766970625949_0co69ba
2025-12-29 06:40:46 : info: [SERVICE] Saving video chunk for session session_1766970625949_0co69ba
2025-12-29 06:40:46 : info: [SERVICE] Saving audio chunk for session session_1766970625949_0co69ba
2025-12-29 06:40:46 : info: [S3 Service] Successfully uploaded temp-events/session_1766970625949_0co69ba.json to S3
2025-12-29 06:40:46 : info: [SERVICE] Appended 1 events to S3 temp and memory for session: session_1766970625949_0co69ba
2025-12-29 06:40:47 : info: [S3 Service] Successfully uploaded temp-events/session_1766970625949_0co69ba.json to S3
2025-12-29 06:40:47 : info: [SERVICE] Appended 1 events to S3 temp and memory for session: session_1766970625949_0co69ba
2025-12-29 06:40:47 : info: [SERVICE] Saving video chunk for session session_1766970625949_0co69ba
2025-12-29 06:40:47 : info: [S3 Service] Successfully uploaded temp-events/session_1766970625949_0co69ba.json to S3
2025-12-29 06:40:47 : info: [SERVICE] Appended 2 events to S3 temp and memory for session: session_1766970625949_0co69ba
2025-12-29 06:40:48 : info: [S3 Service] Successfully uploaded temp-events/session_1766970625949_0co69ba.json to S3
2025-12-29 06:40:48 : info: [SERVICE] Appended 1 events to S3 temp and memory for session: session_1766970625949_0co69ba
2025-12-29 06:40:48 : info: [SERVICE] Saving video chunk for session session_1766970625949_0co69ba
2025-12-29 06:40:48 : info: [SERVICE] Saving audio chunk for session session_1766970625949_0co69ba
2025-12-29 06:40:49 : info: [SERVICE] Saving video chunk for session session_1766970625949_0co69ba
2025-12-29 06:40:49 : info: [S3 Service] Successfully uploaded temp-events/session_1766970625949_0co69ba.json to S3
2025-12-29 06:40:49 : info: [SERVICE] Appended 1 events to S3 temp and memory for session: session_1766970625949_0co69ba
2025-12-29 06:40:50 : info: [S3 Service] Successfully uploaded temp-events/session_1766970625949_0co69ba.json to S3
2025-12-29 06:40:50 : info: [SERVICE] Appended 2 events to S3 temp and memory for session: session_1766970625949_0co69ba
2025-12-29 06:40:50 : info: [SERVICE] Saving video chunk for session session_1766970625949_0co69ba
2025-12-29 06:40:50 : info: [SERVICE] Saving audio chunk for session session_1766970625949_0co69ba
2025-12-29 06:40:51 : info: [SERVICE] Saving video chunk for session session_1766970625949_0co69ba
2025-12-29 06:40:51 : info: [S3 Service] Successfully uploaded temp-events/session_1766970625949_0co69ba.json to S3
2025-12-29 06:40:51 : info: [SERVICE] Appended 1 events to S3 temp and memory for session: session_1766970625949_0co69ba
2025-12-29 06:40:52 : info: [S3 Service] Successfully uploaded temp-events/session_1766970625949_0co69ba.json to S3
2025-12-29 06:40:52 : info: [SERVICE] Appended 2 events to S3 temp and memory for session: session_1766970625949_0co69ba
2025-12-29 06:40:52 : info: [SERVICE] Saving video chunk for session session_1766970625949_0co69ba
2025-12-29 06:40:52 : info: [SERVICE] Saving audio chunk for session session_1766970625949_0co69ba
2025-12-29 06:40:53 : info: [S3 Service] Successfully uploaded temp-events/session_1766970625949_0co69ba.json to S3
2025-12-29 06:40:53 : info: [SERVICE] Appended 2 events to S3 temp and memory for session: session_1766970625949_0co69ba
2025-12-29 06:40:53 : info: [SERVICE] Saving video chunk for session session_1766970625949_0co69ba
2025-12-29 06:40:54 : info: [S3 Service] Successfully uploaded temp-events/session_1766970625949_0co69ba.json to S3
2025-12-29 06:40:54 : info: [SERVICE] Appended 2 events to S3 temp and memory for session: session_1766970625949_0co69ba
2025-12-29 06:40:54 : info: [SERVICE] Saving video chunk for session session_1766970625949_0co69ba
2025-12-29 06:40:54 : info: [SERVICE] Saving audio chunk for session session_1766970625949_0co69ba
2025-12-29 06:40:55 : info: [SERVICE] Saving video chunk for session session_1766970625949_0co69ba
2025-12-29 06:40:56 : info: [S3 Service] Successfully uploaded temp-events/session_1766970625949_0co69ba.json to S3
2025-12-29 06:40:56 : info: [SERVICE] Appended 1 events to S3 temp and memory for session: session_1766970625949_0co69ba
2025-12-29 06:40:56 : info: [SERVICE] Saving audio chunk for session session_1766970625949_0co69ba
2025-12-29 06:40:56 : info: [S3 Service] Successfully uploaded temp-events/session_1766970625949_0co69ba.json to S3
2025-12-29 06:40:56 : info: [SERVICE] Appended 1 events to S3 temp and memory for session: session_1766970625949_0co69ba
2025-12-29 06:40:57 : info: [SERVICE] Saving video chunk for session session_1766970625949_0co69ba
2025-12-29 06:40:57 : info: [S3 Service] Successfully uploaded temp-events/session_1766970625949_0co69ba.json to S3
2025-12-29 06:40:57 : info: [SERVICE] Appended 1 events to S3 temp and memory for session: session_1766970625949_0co69ba
2025-12-29 06:40:57 : info: [S3 Service] Successfully uploaded temp-events/session_1766970625949_0co69ba.json to S3
2025-12-29 06:40:57 : info: [SERVICE] Appended 1 events to S3 temp and memory for session: session_1766970625949_0co69ba
2025-12-29 06:40:58 : info: [SERVICE] Saving video chunk for session session_1766970625949_0co69ba
2025-12-29 06:40:58 : info: [SERVICE] Saving audio chunk for session session_1766970625949_0co69ba
2025-12-29 06:40:58 : info: [S3 Service] Successfully uploaded temp-events/session_1766970625949_0co69ba.json to S3
2025-12-29 06:40:58 : info: [SERVICE] Appended 2 events to S3 temp and memory for session: session_1766970625949_0co69ba
2025-12-29 06:40:59 : info: [SERVICE] Saving video chunk for session session_1766970625949_0co69ba
2025-12-29 06:41:00 : info: [SERVICE] Saving audio chunk for session session_1766970625949_0co69ba
2025-12-29 06:41:00 : info: [SERVICE] Saving video chunk for session session_1766970625949_0co69ba
2025-12-29 06:41:00 : info: [S3 Service] Successfully uploaded temp-events/session_1766970625949_0co69ba.json to S3
2025-12-29 06:41:00 : info: [SERVICE] Appended 2 events to S3 temp and memory for session: session_1766970625949_0co69ba
2025-12-29 06:41:01 : info: [SERVICE] Saving video chunk for session session_1766970625949_0co69ba
2025-12-29 06:41:02 : info: [SERVICE] Saving audio chunk for session session_1766970625949_0co69ba
2025-12-29 06:41:02 : info: [SERVICE] Saving video chunk for session session_1766970625949_0co69ba
2025-12-29 06:41:03 : info: [SERVICE] Saving video chunk for session session_1766970625949_0co69ba
2025-12-29 06:41:04 : info: [S3 Service] Successfully uploaded temp-events/session_1766970625949_0co69ba.json to S3
2025-12-29 06:41:04 : info: [SERVICE] Appended 1 events to S3 temp and memory for session: session_1766970625949_0co69ba
2025-12-29 06:41:04 : info: [SERVICE] Saving audio chunk for session session_1766970625949_0co69ba
2025-12-29 06:41:04 : info: [SERVICE] Saving video chunk for session session_1766970625949_0co69ba
2025-12-29 06:41:04 : info: [S3 Service] Successfully uploaded temp-events/session_1766970625949_0co69ba.json to S3
2025-12-29 06:41:04 : info: [SERVICE] Appended 2 events to S3 temp and memory for session: session_1766970625949_0co69ba
2025-12-29 06:41:05 : info: [S3 Service] Successfully uploaded temp-events/session_1766970625949_0co69ba.json to S3
2025-12-29 06:41:05 : info: [SERVICE] Appended 1 events to S3 temp and memory for session: session_1766970625949_0co69ba
2025-12-29 06:41:05 : info: [SERVICE] Saving video chunk for session session_1766970625949_0co69ba
2025-12-29 06:41:06 : info: [SERVICE] Saving audio chunk for session session_1766970625949_0co69ba
2025-12-29 06:41:07 : info: [SERVICE] Saving video chunk for session session_1766970625949_0co69ba
2025-12-29 06:41:08 : info: [S3 Service] Successfully uploaded temp-events/session_1766970625949_0co69ba.json to S3
2025-12-29 06:41:08 : info: [SERVICE] Appended 2 events to S3 temp and memory for session: session_1766970625949_0co69ba
2025-12-29 06:41:08 : info: [SERVICE] Saving video chunk for session session_1766970625949_0co69ba
2025-12-29 06:41:08 : info: [SERVICE] Saving audio chunk for session session_1766970625949_0co69ba
2025-12-29 06:41:09 : info: [S3 Service] Successfully uploaded temp-events/session_1766970625949_0co69ba.json to S3
2025-12-29 06:41:09 : info: [SERVICE] Appended 3 events to S3 temp and memory for session: session_1766970625949_0co69ba
2025-12-29 06:41:09 : info: [SERVICE] Saving video chunk for session session_1766970625949_0co69ba
2025-12-29 06:41:10 : info: [SERVICE] Saving video chunk for session session_1766970625949_0co69ba
2025-12-29 06:41:10 : info: [SERVICE] Saving audio chunk for session session_1766970625949_0co69ba
2025-12-29 06:41:11 : info: [SERVICE] Saving video chunk for session session_1766970625949_0co69ba
2025-12-29 06:41:12 : info: [SERVICE] Saving video chunk for session session_1766970625949_0co69ba
2025-12-29 06:41:12 : info: [SERVICE] Saving audio chunk for session session_1766970625949_0co69ba
2025-12-29 06:41:13 : info: [Recording Controller] 🏁 Finalizing session (Eager Flow): session_1766970625949_0co69ba
2025-12-29 06:41:13 : info: [SERVICE] Finalizing recording for session (S3 only): session_1766970625949_0co69ba
2025-12-29 06:41:14 : info: [S3 Service] Successfully uploaded recordings/session_1766970625949_0co69ba/video.webm to S3
2025-12-29 06:41:14 : info: [S3 Service] Successfully uploaded recordings/session_1766970625949_0co69ba/audio.webm to S3
2025-12-29 06:41:14 : info: [S3 Service] Successfully uploaded metadata/session_1766970625949_0co69ba.json to S3
2025-12-29 06:41:14 : info: [S3 Service] Successfully uploaded events/session_1766970625949_0co69ba.json to S3
2025-12-29 06:41:15 : info: [S3 Service] Successfully deleted temp-events/session_1766970625949_0co69ba.json from S3
2025-12-29 06:41:15 : warn: [Frontend Service] No client connected for session: session_1766970625949_0co69ba. Buffering video.
2025-12-29 06:41:15 : info: [Frontend Service] Buffered video message for session: session_1766970625949_0co69ba. Queue size: 1
2025-12-29 06:41:15 : warn: [Frontend Service] No client connected for session: session_1766970625949_0co69ba. Buffering audio.
2025-12-29 06:41:15 : info: [Frontend Service] Buffered audio message for session: session_1766970625949_0co69ba. Queue size: 2
2025-12-29 06:41:15 : info: [Recording Controller] 🤖 Starting Background AI Processing for: session_1766970625949_0co69ba
2025-12-29 06:41:15 : info: [Recording Controller] Transcribing audio file for session: session_1766970625949_0co69ba
2025-12-29 06:41:15 : info: [Deepgram] Transcribing file: D:\Code\FullStack\Clueso_Node_layer\src\uploads\audio_session_1766970625949_0co69ba.webm
2025-12-29 06:41:15 : info: [Deepgram] Building transcription options
2025-12-29 06:41:16 : info: [Frontend Service] Client connected: EGjih258JykB8tyxAAAf
2025-12-29 06:41:16 : info: [Frontend Service] Client EGjih258JykB8tyxAAAf registered for session: session_1766970625949_0co69ba
2025-12-29 06:41:16 : info: [Frontend Service] Flushing 2 buffered messages for session: session_1766970625949_0co69ba
2025-12-29 06:41:16 : info: [Frontend Service] Sending buffered video to session: session_1766970625949_0co69ba
2025-12-29 06:41:16 : info: [Frontend Service] Sending buffered audio to session: session_1766970625949_0co69ba
2025-12-29 06:41:17 : info: [Deepgram] File transcription complete
2025-12-29 06:41:17 : info: [Deepgram] Formatting result
2025-12-29 06:41:17 : info: [Deepgram] Saved full response to: D:\Code\FullStack\Clueso_Node_layer\deepgram_sessions\deepgram_session_1766970625949_0co69ba.json
2025-12-29 06:41:17 : info: [Deepgram] Final timeline built with
2025-12-29 06:41:18 : info: [S3 Service] Successfully uploaded recordings/session_1766970625949_0co69ba/deepgram.json to S3
2025-12-29 06:41:18 : info: [S3 Service] Successfully uploaded metadata/session_1766970625949_0co69ba.json to S3
2025-12-29 06:41:18 : info: [SERVICE] Deepgram status and duration updated in S3 for session: session_1766970625949_0co69ba
2025-12-29 06:41:18 : info: [Python Controller] Processing with AI:
2025-12-29 06:41:18 : info: [Python Controller] - Text: "This is a version. What it does is it takes a project and host them online. What we are going to do,..."
2025-12-29 06:41:18 : info: [Python Controller] - DOM Events: 59
2025-12-29 06:41:18 : info: [Python Controller] - Has Deepgram Response: true
2025-12-29 06:41:18 : info: [Python Controller] - Audio Path: D:\Code\FullStack\Clueso_Node_layer\src\uploads\audio_session_1766970625949_0co69ba.webm
2025-12-29 06:41:18 : info: [Python Controller] - Session ID: session_1766970625949_0co69ba
2025-12-29 06:41:18 : info: [Python Service] Sending session reference session_1766970625949_0co69ba to Python layer
2025-12-29 06:42:07 : info: [Python Service] Successfully received response from Python layer
2025-12-29 06:42:07 : info: [Python Controller] Successfully received response from Python layer
2025-12-29 06:42:07 : info: [Python Controller] Python response:
2025-12-29 06:42:07 : info: [Python Controller] Broadcasting consolidated results to frontend (18 inst, 12 effects, 5 narrations)
2025-12-29 06:42:07 : info: [Frontend Service] Sending Python-processed instructions to session: session_1766970625949_0co69ba
2025-12-29 06:42:07 : info: [Python Controller] Broadcasting audio from Python: http://localhost:8000/https://s3.ap-south-1.amazonaws.com/cdn.vocallabs.ai/recordings/session_1766970625949_0co69ba/processed_audio.mp3?X-Amz-Algorithm=AWS4-HMAC-SHA256&X-Amz-Checksum-Mode=ENABLED&X-Amz-Credential=AKIAUJ3VUUAO7GICQNEK%2F20251229%2Fap-south-1%2Fs3%2Faws4_request&X-Amz-Date=20251229T011207Z&X-Amz-Expires=86400&X-Amz-SignedHeaders=host&x-id=GetObject&X-Amz-Signature=fdfd38b91dcafad793963233674f826fcf816f5e951c778a39014b37cc1deae6
2025-12-29 06:42:07 : info: [Frontend Service] Sending audio to session: session_1766970625949_0co69ba
2025-12-29 06:42:07 : info: [Recording Controller] ✅ Background AI processing completed for session: session_1766970625949_0co69ba
2025-12-29 06:58:22 : info: [Frontend Service] Client disconnected and removed from session: session_1766970625949_0co69ba
2025-12-29 06:58:27 : info: [Recording Controller] 🏁 Finalizing session (Eager Flow): session_1766971699906_6snh8f1
2025-12-29 06:58:27 : info: [SERVICE] Finalizing recording for session (S3 only): session_1766971699906_6snh8f1
2025-12-29 06:58:27 : error: [SERVICE] Error processing recording: Session not found
2025-12-29 06:58:27 : error: [Recording Controller] Finalize error: Session not found
2025-12-29 06:58:29 : info: [Frontend Service] Client connected: qYmIxxKCDGEBWxcwAAAh
2025-12-29 06:58:29 : info: [Frontend Service] Client qYmIxxKCDGEBWxcwAAAh registered for session: session_1766971699906_6snh8f1
2025-12-29 06:58:41 : info: [Frontend Service] Client disconnected and removed from session: session_1766971699906_6snh8f1
2025-12-29 06:59:06 : info: [S3 Service] Successfully uploaded temp-events/session_1766971744721_li06cmj.json to S3
2025-12-29 06:59:06 : info: [SERVICE] Appended 1 events to S3 temp and memory for session: session_1766971744721_li06cmj
2025-12-29 06:59:07 : info: [S3 Service] Successfully uploaded temp-events/session_1766971744721_li06cmj.json to S3
2025-12-29 06:59:07 : info: [SERVICE] Appended 1 events to S3 temp and memory for session: session_1766971744721_li06cmj
2025-12-29 06:59:12 : info: [S3 Service] Successfully uploaded temp-events/session_1766971744721_li06cmj.json to S3
2025-12-29 06:59:12 : info: [SERVICE] Appended 1 events to S3 temp and memory for session: session_1766971744721_li06cmj
2025-12-29 06:59:12 : info: [SERVICE] Saving video chunk for session session_1766971744721_li06cmj
2025-12-29 06:59:12 : info: [SERVICE] Saving audio chunk for session session_1766971744721_li06cmj
2025-12-29 06:59:13 : info: [S3 Service] Successfully uploaded temp-events/session_1766971744721_li06cmj.json to S3
2025-12-29 06:59:13 : info: [SERVICE] Appended 6 events to S3 temp and memory for session: session_1766971744721_li06cmj
2025-12-29 06:59:13 : info: [SERVICE] Saving video chunk for session session_1766971744721_li06cmj
2025-12-29 06:59:13 : info: [S3 Service] Successfully uploaded temp-events/session_1766971744721_li06cmj.json to S3
2025-12-29 06:59:13 : info: [SERVICE] Appended 2 events to S3 temp and memory for session: session_1766971744721_li06cmj
2025-12-29 06:59:14 : info: [S3 Service] Successfully uploaded temp-events/session_1766971744721_li06cmj.json to S3
2025-12-29 06:59:14 : info: [SERVICE] Appended 2 events to S3 temp and memory for session: session_1766971744721_li06cmj
2025-12-29 06:59:14 : info: [S3 Service] Successfully uploaded temp-events/session_1766971744721_li06cmj.json to S3
2025-12-29 06:59:14 : info: [SERVICE] Appended 9 events to S3 temp and memory for session: session_1766971744721_li06cmj
2025-12-29 06:59:14 : info: [SERVICE] Saving audio chunk for session session_1766971744721_li06cmj
2025-12-29 06:59:15 : info: [SERVICE] Saving video chunk for session session_1766971744721_li06cmj
2025-12-29 06:59:16 : info: [SERVICE] Saving video chunk for session session_1766971744721_li06cmj
2025-12-29 06:59:16 : info: [SERVICE] Saving audio chunk for session session_1766971744721_li06cmj
2025-12-29 06:59:17 : info: [SERVICE] Saving video chunk for session session_1766971744721_li06cmj
2025-12-29 06:59:18 : info: [SERVICE] Saving video chunk for session session_1766971744721_li06cmj
2025-12-29 06:59:18 : info: [SERVICE] Saving audio chunk for session session_1766971744721_li06cmj
2025-12-29 06:59:19 : info: [SERVICE] Saving video chunk for session session_1766971744721_li06cmj
2025-12-29 06:59:20 : info: [SERVICE] Saving video chunk for session session_1766971744721_li06cmj
2025-12-29 06:59:21 : info: [SERVICE] Saving audio chunk for session session_1766971744721_li06cmj
2025-12-29 06:59:21 : info: [SERVICE] Saving video chunk for session session_1766971744721_li06cmj
2025-12-29 06:59:22 : info: [SERVICE] Saving video chunk for session session_1766971744721_li06cmj
2025-12-29 06:59:23 : info: [SERVICE] Saving audio chunk for session session_1766971744721_li06cmj
2025-12-29 06:59:23 : info: [S3 Service] Successfully uploaded temp-events/session_1766971744721_li06cmj.json to S3
2025-12-29 06:59:23 : info: [SERVICE] Appended 4 events to S3 temp and memory for session: session_1766971744721_li06cmj
2025-12-29 06:59:23 : info: [S3 Service] Successfully uploaded temp-events/session_1766971744721_li06cmj.json to S3
2025-12-29 06:59:23 : info: [SERVICE] Appended 2 events to S3 temp and memory for session: session_1766971744721_li06cmj
2025-12-29 06:59:23 : info: [S3 Service] Successfully uploaded temp-events/session_1766971744721_li06cmj.json to S3
2025-12-29 06:59:23 : info: [SERVICE] Appended 1 events to S3 temp and memory for session: session_1766971744721_li06cmj
2025-12-29 06:59:23 : info: [S3 Service] Successfully uploaded temp-events/session_1766971744721_li06cmj.json to S3
2025-12-29 06:59:23 : info: [SERVICE] Appended 1 events to S3 temp and memory for session: session_1766971744721_li06cmj
2025-12-29 06:59:24 : info: [SERVICE] Saving video chunk for session session_1766971744721_li06cmj
2025-12-29 06:59:24 : info: [S3 Service] Successfully uploaded temp-events/session_1766971744721_li06cmj.json to S3
2025-12-29 06:59:24 : info: [SERVICE] Appended 6 events to S3 temp and memory for session: session_1766971744721_li06cmj
2025-12-29 06:59:25 : info: [SERVICE] Saving video chunk for session session_1766971744721_li06cmj
2025-12-29 06:59:25 : info: [SERVICE] Saving audio chunk for session session_1766971744721_li06cmj
2025-12-29 06:59:27 : info: [SERVICE] Saving video chunk for session session_1766971744721_li06cmj
2025-12-29 06:59:27 : info: [SERVICE] Saving audio chunk for session session_1766971744721_li06cmj
2025-12-29 06:59:28 : info: [SERVICE] Saving video chunk for session session_1766971744721_li06cmj
2025-12-29 06:59:29 : info: [SERVICE] Saving audio chunk for session session_1766971744721_li06cmj
2025-12-29 06:59:29 : info: [SERVICE] Saving video chunk for session session_1766971744721_li06cmj
2025-12-29 06:59:29 : info: [S3 Service] Successfully uploaded temp-events/session_1766971744721_li06cmj.json to S3
2025-12-29 06:59:29 : info: [SERVICE] Appended 2 events to S3 temp and memory for session: session_1766971744721_li06cmj
2025-12-29 06:59:30 : info: [SERVICE] Saving video chunk for session session_1766971744721_li06cmj
2025-12-29 06:59:31 : info: [SERVICE] Saving audio chunk for session session_1766971744721_li06cmj
2025-12-29 06:59:31 : info: [SERVICE] Saving video chunk for session session_1766971744721_li06cmj
2025-12-29 06:59:31 : info: [S3 Service] Successfully uploaded temp-events/session_1766971744721_li06cmj.json to S3
2025-12-29 06:59:31 : info: [SERVICE] Appended 1 events to S3 temp and memory for session: session_1766971744721_li06cmj
2025-12-29 06:59:32 : info: [SERVICE] Saving video chunk for session session_1766971744721_li06cmj
2025-12-29 06:59:33 : info: [SERVICE] Saving audio chunk for session session_1766971744721_li06cmj
2025-12-29 06:59:33 : info: [SERVICE] Saving video chunk for session session_1766971744721_li06cmj
2025-12-29 06:59:34 : info: [SERVICE] Saving video chunk for session session_1766971744721_li06cmj
2025-12-29 06:59:35 : info: [SERVICE] Saving audio chunk for session session_1766971744721_li06cmj
2025-12-29 06:59:35 : info: [SERVICE] Saving video chunk for session session_1766971744721_li06cmj
2025-12-29 06:59:36 : info: [SERVICE] Saving video chunk for session session_1766971744721_li06cmj
2025-12-29 06:59:37 : info: [SERVICE] Saving audio chunk for session session_1766971744721_li06cmj
2025-12-29 06:59:37 : info: [SERVICE] Saving video chunk for session session_1766971744721_li06cmj
2025-12-29 06:59:39 : info: [SERVICE] Saving video chunk for session session_1766971744721_li06cmj
2025-12-29 06:59:39 : info: [SERVICE] Saving audio chunk for session session_1766971744721_li06cmj
2025-12-29 06:59:40 : info: [SERVICE] Saving video chunk for session session_1766971744721_li06cmj
2025-12-29 06:59:41 : info: [SERVICE] Saving video chunk for session session_1766971744721_li06cmj
2025-12-29 06:59:41 : info: [SERVICE] Saving audio chunk for session session_1766971744721_li06cmj
2025-12-29 06:59:43 : info: [SERVICE] Saving video chunk for session session_1766971744721_li06cmj
2025-12-29 06:59:43 : info: [SERVICE] Saving audio chunk for session session_1766971744721_li06cmj
2025-12-29 06:59:44 : info: [SERVICE] Saving video chunk for session session_1766971744721_li06cmj
2025-12-29 06:59:45 : info: [SERVICE] Saving video chunk for session session_1766971744721_li06cmj
2025-12-29 06:59:45 : info: [SERVICE] Saving audio chunk for session session_1766971744721_li06cmj
2025-12-29 06:59:46 : info: [SERVICE] Saving video chunk for session session_1766971744721_li06cmj
2025-12-29 06:59:47 : info: [SERVICE] Saving video chunk for session session_1766971744721_li06cmj
2025-12-29 06:59:47 : info: [SERVICE] Saving audio chunk for session session_1766971744721_li06cmj
2025-12-29 06:59:48 : info: [SERVICE] Saving video chunk for session session_1766971744721_li06cmj
2025-12-29 06:59:49 : info: [SERVICE] Saving video chunk for session session_1766971744721_li06cmj
2025-12-29 06:59:49 : info: [SERVICE] Saving audio chunk for session session_1766971744721_li06cmj
2025-12-29 06:59:50 : info: [SERVICE] Saving video chunk for session session_1766971744721_li06cmj
2025-12-29 06:59:51 : info: [SERVICE] Saving video chunk for session session_1766971744721_li06cmj
2025-12-29 06:59:51 : info: [SERVICE] Saving audio chunk for session session_1766971744721_li06cmj
2025-12-29 06:59:52 : info: [SERVICE] Saving video chunk for session session_1766971744721_li06cmj
2025-12-29 06:59:53 : info: [SERVICE] Saving video chunk for session session_1766971744721_li06cmj
2025-12-29 06:59:53 : info: [SERVICE] Saving audio chunk for session session_1766971744721_li06cmj
2025-12-29 06:59:54 : info: [SERVICE] Saving video chunk for session session_1766971744721_li06cmj
2025-12-29 06:59:55 : info: [SERVICE] Saving audio chunk for session session_1766971744721_li06cmj
2025-12-29 06:59:55 : info: [SERVICE] Saving video chunk for session session_1766971744721_li06cmj
2025-12-29 06:59:56 : info: [SERVICE] Saving video chunk for session session_1766971744721_li06cmj
2025-12-29 06:59:57 : info: [SERVICE] Saving audio chunk for session session_1766971744721_li06cmj
2025-12-29 06:59:57 : info: [SERVICE] Saving video chunk for session session_1766971744721_li06cmj
2025-12-29 06:59:58 : info: [SERVICE] Saving video chunk for session session_1766971744721_li06cmj
2025-12-29 06:59:59 : info: [SERVICE] Saving audio chunk for session session_1766971744721_li06cmj
2025-12-29 07:00:00 : info: [SERVICE] Saving video chunk for session session_1766971744721_li06cmj
2025-12-29 07:00:01 : info: [SERVICE] Saving video chunk for session session_1766971744721_li06cmj
2025-12-29 07:00:01 : info: [SERVICE] Saving audio chunk for session session_1766971744721_li06cmj
2025-12-29 07:00:02 : info: [SERVICE] Saving video chunk for session session_1766971744721_li06cmj
2025-12-29 07:00:03 : info: [SERVICE] Saving video chunk for session session_1766971744721_li06cmj
2025-12-29 07:00:03 : info: [SERVICE] Saving audio chunk for session session_1766971744721_li06cmj
2025-12-29 07:00:04 : info: [SERVICE] Saving video chunk for session session_1766971744721_li06cmj
2025-12-29 07:00:04 : info: [Recording Controller] 🏁 Finalizing session (Eager Flow): session_1766971744721_li06cmj
2025-12-29 07:00:04 : info: [SERVICE] Finalizing recording for session (S3 only): session_1766971744721_li06cmj
2025-12-29 07:00:05 : info: [S3 Service] Successfully uploaded recordings/session_1766971744721_li06cmj/video.webm to S3
2025-12-29 07:00:06 : info: [S3 Service] Successfully uploaded recordings/session_1766971744721_li06cmj/audio.webm to S3
2025-12-29 07:00:06 : info: [S3 Service] Successfully uploaded metadata/session_1766971744721_li06cmj.json to S3
2025-12-29 07:00:06 : info: [S3 Service] Successfully uploaded events/session_1766971744721_li06cmj.json to S3
2025-12-29 07:00:07 : info: [S3 Service] Successfully deleted temp-events/session_1766971744721_li06cmj.json from S3
2025-12-29 07:00:07 : warn: [Frontend Service] No client connected for session: session_1766971744721_li06cmj. Buffering video.
2025-12-29 07:00:07 : info: [Frontend Service] Buffered video message for session: session_1766971744721_li06cmj. Queue size: 1
2025-12-29 07:00:07 : warn: [Frontend Service] No client connected for session: session_1766971744721_li06cmj. Buffering audio.
2025-12-29 07:00:07 : info: [Frontend Service] Buffered audio message for session: session_1766971744721_li06cmj. Queue size: 2
2025-12-29 07:00:07 : info: [Recording Controller] 🤖 Starting Background AI Processing for: session_1766971744721_li06cmj
2025-12-29 07:00:07 : info: [Recording Controller] Transcribing audio file for session: session_1766971744721_li06cmj
2025-12-29 07:00:07 : info: [Deepgram] Transcribing file: D:\Code\FullStack\Clueso_Node_layer\src\uploads\audio_session_1766971744721_li06cmj.webm
2025-12-29 07:00:07 : info: [Deepgram] Building transcription options
2025-12-29 07:00:07 : info: [Frontend Service] Client connected: o3lhv4PRYIqeDQOxAAAj
2025-12-29 07:00:07 : info: [Frontend Service] Client o3lhv4PRYIqeDQOxAAAj registered for session: session_1766971744721_li06cmj
2025-12-29 07:00:07 : info: [Frontend Service] Flushing 2 buffered messages for session: session_1766971744721_li06cmj
2025-12-29 07:00:07 : info: [Frontend Service] Sending buffered video to session: session_1766971744721_li06cmj
2025-12-29 07:00:07 : info: [Frontend Service] Sending buffered audio to session: session_1766971744721_li06cmj
2025-12-29 07:00:10 : info: [Deepgram] File transcription complete
2025-12-29 07:00:10 : info: [Deepgram] Formatting result
2025-12-29 07:00:10 : info: [Deepgram] Saved full response to: D:\Code\FullStack\Clueso_Node_layer\deepgram_sessions\deepgram_session_1766971744721_li06cmj.json
2025-12-29 07:00:10 : info: [Deepgram] Final timeline built with
2025-12-29 07:00:11 : info: [S3 Service] Successfully uploaded recordings/session_1766971744721_li06cmj/deepgram.json to S3
2025-12-29 07:00:11 : info: [S3 Service] Successfully uploaded metadata/session_1766971744721_li06cmj.json to S3
2025-12-29 07:00:11 : info: [SERVICE] Deepgram status and duration updated in S3 for session: session_1766971744721_li06cmj
2025-12-29 07:00:11 : info: [Python Controller] Processing with AI:
2025-12-29 07:00:11 : info: [Python Controller] - Text: "This is my project, but, um, what it takes, it takes your, uh, ideas and, uh, let you keep on, uh, I..."
2025-12-29 07:00:11 : info: [Python Controller] - DOM Events: 39
2025-12-29 07:00:11 : info: [Python Controller] - Has Deepgram Response: true
2025-12-29 07:00:11 : info: [Python Controller] - Audio Path: D:\Code\FullStack\Clueso_Node_layer\src\uploads\audio_session_1766971744721_li06cmj.webm
2025-12-29 07:00:11 : info: [Python Controller] - Session ID: session_1766971744721_li06cmj
2025-12-29 07:00:11 : info: [Python Service] Sending session reference session_1766971744721_li06cmj to Python layer
2025-12-29 07:01:00 : info: [Python Service] Successfully received response from Python layer
2025-12-29 07:01:00 : info: [Python Controller] Successfully received response from Python layer
2025-12-29 07:01:00 : info: [Python Controller] Python response:
2025-12-29 07:01:00 : info: [Python Controller] Broadcasting consolidated results to frontend (5 inst, 3 effects, 1 narrations)
2025-12-29 07:01:00 : info: [Frontend Service] Sending Python-processed instructions to session: session_1766971744721_li06cmj
2025-12-29 07:01:00 : info: [Python Controller] Broadcasting audio from Python: http://localhost:8000/session_1766971744721_li06cmj.mp3
2025-12-29 07:01:00 : info: [Frontend Service] Sending audio to session: session_1766971744721_li06cmj
2025-12-29 07:01:00 : info: [Recording Controller] ✅ Background AI processing completed for session: session_1766971744721_li06cmj
2025-12-29 07:18:13 : info: [SERVICE] Saving video chunk for session session_1766972888336_v73cy71
2025-12-29 07:18:14 : info: [S3 Service] Successfully uploaded temp-events/session_1766972888336_v73cy71.json to S3
2025-12-29 07:18:14 : info: [SERVICE] Appended 1 events to S3 temp and memory for session: session_1766972888336_v73cy71
2025-12-29 07:18:14 : info: [SERVICE] Saving audio chunk for session session_1766972888336_v73cy71
2025-12-29 07:18:15 : info: [SERVICE] Saving video chunk for session session_1766972888336_v73cy71
2025-12-29 07:18:16 : info: [SERVICE] Saving video chunk for session session_1766972888336_v73cy71
2025-12-29 07:18:16 : info: [SERVICE] Saving audio chunk for session session_1766972888336_v73cy71
2025-12-29 07:18:17 : info: [S3 Service] Successfully uploaded temp-events/session_1766972888336_v73cy71.json to S3
2025-12-29 07:18:17 : info: [SERVICE] Appended 5 events to S3 temp and memory for session: session_1766972888336_v73cy71
2025-12-29 07:18:17 : info: [S3 Service] Successfully uploaded temp-events/session_1766972888336_v73cy71.json to S3
2025-12-29 07:18:17 : info: [SERVICE] Appended 2 events to S3 temp and memory for session: session_1766972888336_v73cy71
2025-12-29 07:18:17 : info: [S3 Service] Successfully uploaded temp-events/session_1766972888336_v73cy71.json to S3
2025-12-29 07:18:17 : info: [SERVICE] Appended 1 events to S3 temp and memory for session: session_1766972888336_v73cy71
2025-12-29 07:18:17 : info: [S3 Service] Successfully uploaded temp-events/session_1766972888336_v73cy71.json to S3
2025-12-29 07:18:17 : info: [SERVICE] Appended 1 events to S3 temp and memory for session: session_1766972888336_v73cy71
2025-12-29 07:18:17 : info: [SERVICE] Saving video chunk for session session_1766972888336_v73cy71
2025-12-29 07:18:18 : info: [S3 Service] Successfully uploaded temp-events/session_1766972888336_v73cy71.json to S3
2025-12-29 07:18:18 : info: [SERVICE] Appended 1 events to S3 temp and memory for session: session_1766972888336_v73cy71
2025-12-29 07:18:18 : info: [S3 Service] Successfully uploaded temp-events/session_1766972888336_v73cy71.json to S3
2025-12-29 07:18:18 : info: [SERVICE] Appended 1 events to S3 temp and memory for session: session_1766972888336_v73cy71
2025-12-29 07:18:18 : info: [S3 Service] Successfully uploaded temp-events/session_1766972888336_v73cy71.json to S3
2025-12-29 07:18:18 : info: [SERVICE] Appended 1 events to S3 temp and memory for session: session_1766972888336_v73cy71
2025-12-29 07:18:18 : info: [SERVICE] Saving video chunk for session session_1766972888336_v73cy71
2025-12-29 07:18:18 : info: [SERVICE] Saving audio chunk for session session_1766972888336_v73cy71
2025-12-29 07:18:19 : info: [S3 Service] Successfully uploaded temp-events/session_1766972888336_v73cy71.json to S3
2025-12-29 07:18:19 : info: [SERVICE] Appended 5 events to S3 temp and memory for session: session_1766972888336_v73cy71
2025-12-29 07:18:19 : info: [S3 Service] Successfully uploaded temp-events/session_1766972888336_v73cy71.json to S3
2025-12-29 07:18:19 : info: [SERVICE] Appended 3 events to S3 temp and memory for session: session_1766972888336_v73cy71
2025-12-29 07:18:19 : info: [S3 Service] Successfully uploaded temp-events/session_1766972888336_v73cy71.json to S3
2025-12-29 07:18:19 : info: [SERVICE] Appended 1 events to S3 temp and memory for session: session_1766972888336_v73cy71
2025-12-29 07:18:19 : info: [SERVICE] Saving video chunk for session session_1766972888336_v73cy71
2025-12-29 07:18:19 : info: [S3 Service] Successfully uploaded temp-events/session_1766972888336_v73cy71.json to S3
2025-12-29 07:18:19 : info: [SERVICE] Appended 7 events to S3 temp and memory for session: session_1766972888336_v73cy71
2025-12-29 07:18:20 : info: [S3 Service] Successfully uploaded temp-events/session_1766972888336_v73cy71.json to S3
2025-12-29 07:18:20 : info: [SERVICE] Appended 6 events to S3 temp and memory for session: session_1766972888336_v73cy71
2025-12-29 07:18:20 : info: [S3 Service] Successfully uploaded temp-events/session_1766972888336_v73cy71.json to S3
2025-12-29 07:18:20 : info: [SERVICE] Appended 4 events to S3 temp and memory for session: session_1766972888336_v73cy71
2025-12-29 07:18:20 : info: [SERVICE] Saving audio chunk for session session_1766972888336_v73cy71
2025-12-29 07:18:21 : info: [SERVICE] Saving video chunk for session session_1766972888336_v73cy71
2025-12-29 07:18:22 : info: [SERVICE] Saving audio chunk for session session_1766972888336_v73cy71
2025-12-29 07:18:23 : info: [SERVICE] Saving video chunk for session session_1766972888336_v73cy71
2025-12-29 07:18:24 : info: [SERVICE] Saving audio chunk for session session_1766972888336_v73cy71
2025-12-29 07:18:25 : info: [SERVICE] Saving video chunk for session session_1766972888336_v73cy71
2025-12-29 07:18:26 : info: [SERVICE] Saving video chunk for session session_1766972888336_v73cy71
2025-12-29 07:18:27 : info: [SERVICE] Saving audio chunk for session session_1766972888336_v73cy71
2025-12-29 07:18:27 : info: [SERVICE] Saving video chunk for session session_1766972888336_v73cy71
2025-12-29 07:18:28 : info: [SERVICE] Saving video chunk for session session_1766972888336_v73cy71
2025-12-29 07:18:28 : info: [S3 Service] Successfully uploaded temp-events/session_1766972888336_v73cy71.json to S3
2025-12-29 07:18:28 : info: [SERVICE] Appended 2 events to S3 temp and memory for session: session_1766972888336_v73cy71
2025-12-29 07:18:29 : info: [SERVICE] Saving audio chunk for session session_1766972888336_v73cy71
2025-12-29 07:18:29 : info: [SERVICE] Saving video chunk for session session_1766972888336_v73cy71
2025-12-29 07:18:30 : info: [S3 Service] Successfully uploaded temp-events/session_1766972888336_v73cy71.json to S3
2025-12-29 07:18:30 : info: [SERVICE] Appended 1 events to S3 temp and memory for session: session_1766972888336_v73cy71
2025-12-29 07:18:30 : info: [SERVICE] Saving video chunk for session session_1766972888336_v73cy71
2025-12-29 07:18:31 : info: [SERVICE] Saving audio chunk for session session_1766972888336_v73cy71
2025-12-29 07:18:31 : info: [SERVICE] Saving video chunk for session session_1766972888336_v73cy71
2025-12-29 07:18:32 : info: [SERVICE] Saving video chunk for session session_1766972888336_v73cy71
2025-12-29 07:18:33 : info: [SERVICE] Saving audio chunk for session session_1766972888336_v73cy71
2025-12-29 07:18:33 : info: [SERVICE] Saving video chunk for session session_1766972888336_v73cy71
2025-12-29 07:18:34 : info: [SERVICE] Saving video chunk for session session_1766972888336_v73cy71
2025-12-29 07:18:35 : info: [SERVICE] Saving audio chunk for session session_1766972888336_v73cy71
2025-12-29 07:18:36 : info: [SERVICE] Saving video chunk for session session_1766972888336_v73cy71
2025-12-29 07:18:37 : info: [SERVICE] Saving audio chunk for session session_1766972888336_v73cy71
2025-12-29 07:18:37 : info: [SERVICE] Saving video chunk for session session_1766972888336_v73cy71
2025-12-29 07:18:38 : info: [SERVICE] Saving video chunk for session session_1766972888336_v73cy71
2025-12-29 07:18:39 : info: [SERVICE] Saving audio chunk for session session_1766972888336_v73cy71
2025-12-29 07:18:39 : info: [SERVICE] Saving video chunk for session session_1766972888336_v73cy71
2025-12-29 07:18:40 : info: [SERVICE] Saving video chunk for session session_1766972888336_v73cy71
2025-12-29 07:18:41 : info: [SERVICE] Saving audio chunk for session session_1766972888336_v73cy71
2025-12-29 07:18:41 : info: [SERVICE] Saving video chunk for session session_1766972888336_v73cy71
2025-12-29 07:18:42 : info: [SERVICE] Saving video chunk for session session_1766972888336_v73cy71
2025-12-29 07:18:43 : info: [SERVICE] Saving audio chunk for session session_1766972888336_v73cy71
2025-12-29 07:18:43 : info: [SERVICE] Saving video chunk for session session_1766972888336_v73cy71
2025-12-29 07:18:45 : info: [SERVICE] Saving video chunk for session session_1766972888336_v73cy71
2025-12-29 07:18:45 : info: [SERVICE] Saving audio chunk for session session_1766972888336_v73cy71
2025-12-29 07:18:46 : info: [SERVICE] Saving video chunk for session session_1766972888336_v73cy71
2025-12-29 07:18:47 : info: [SERVICE] Saving video chunk for session session_1766972888336_v73cy71
2025-12-29 07:18:47 : info: [SERVICE] Saving audio chunk for session session_1766972888336_v73cy71
2025-12-29 07:18:48 : info: [SERVICE] Saving video chunk for session session_1766972888336_v73cy71
2025-12-29 07:18:49 : info: [SERVICE] Saving video chunk for session session_1766972888336_v73cy71
2025-12-29 07:18:49 : info: [SERVICE] Saving audio chunk for session session_1766972888336_v73cy71
2025-12-29 07:18:50 : info: [SERVICE] Saving video chunk for session session_1766972888336_v73cy71
2025-12-29 07:18:51 : info: [SERVICE] Saving video chunk for session session_1766972888336_v73cy71
2025-12-29 07:18:51 : info: [SERVICE] Saving audio chunk for session session_1766972888336_v73cy71
2025-12-29 07:18:52 : info: [SERVICE] Saving video chunk for session session_1766972888336_v73cy71
2025-12-29 07:18:53 : info: [SERVICE] Saving video chunk for session session_1766972888336_v73cy71
2025-12-29 07:18:53 : info: [SERVICE] Saving audio chunk for session session_1766972888336_v73cy71
2025-12-29 07:18:54 : info: [SERVICE] Saving video chunk for session session_1766972888336_v73cy71
2025-12-29 07:18:55 : info: [SERVICE] Saving audio chunk for session session_1766972888336_v73cy71
2025-12-29 07:18:55 : info: [SERVICE] Saving video chunk for session session_1766972888336_v73cy71
2025-12-29 07:18:56 : info: [SERVICE] Saving video chunk for session session_1766972888336_v73cy71
2025-12-29 07:18:57 : info: [SERVICE] Saving audio chunk for session session_1766972888336_v73cy71
2025-12-29 07:18:57 : info: [SERVICE] Saving video chunk for session session_1766972888336_v73cy71
2025-12-29 07:18:58 : info: [SERVICE] Saving video chunk for session session_1766972888336_v73cy71
2025-12-29 07:18:59 : info: [SERVICE] Saving audio chunk for session session_1766972888336_v73cy71
2025-12-29 07:19:00 : info: [SERVICE] Saving video chunk for session session_1766972888336_v73cy71
2025-12-29 07:19:01 : info: [SERVICE] Saving video chunk for session session_1766972888336_v73cy71
2025-12-29 07:19:01 : info: [SERVICE] Saving audio chunk for session session_1766972888336_v73cy71
2025-12-29 07:19:02 : info: [SERVICE] Saving video chunk for session session_1766972888336_v73cy71
2025-12-29 07:19:03 : info: [SERVICE] Saving video chunk for session session_1766972888336_v73cy71
2025-12-29 07:19:03 : info: [SERVICE] Saving audio chunk for session session_1766972888336_v73cy71
2025-12-29 07:19:04 : info: [SERVICE] Saving video chunk for session session_1766972888336_v73cy71
2025-12-29 07:19:05 : info: [SERVICE] Saving video chunk for session session_1766972888336_v73cy71
2025-12-29 07:19:05 : info: [SERVICE] Saving audio chunk for session session_1766972888336_v73cy71
2025-12-29 07:19:06 : info: [SERVICE] Saving video chunk for session session_1766972888336_v73cy71
2025-12-29 07:19:07 : info: [SERVICE] Saving video chunk for session session_1766972888336_v73cy71
2025-12-29 07:19:07 : info: [SERVICE] Saving audio chunk for session session_1766972888336_v73cy71
2025-12-29 07:19:08 : info: [SERVICE] Saving video chunk for session session_1766972888336_v73cy71
2025-12-29 07:19:09 : info: [SERVICE] Saving video chunk for session session_1766972888336_v73cy71
2025-12-29 07:19:09 : info: [SERVICE] Saving audio chunk for session session_1766972888336_v73cy71
2025-12-29 07:19:11 : info: [SERVICE] Saving video chunk for session session_1766972888336_v73cy71
2025-12-29 07:19:11 : info: [SERVICE] Saving audio chunk for session session_1766972888336_v73cy71
2025-12-29 07:19:12 : info: [SERVICE] Saving video chunk for session session_1766972888336_v73cy71
2025-12-29 07:19:13 : info: [Recording Controller] 🏁 Finalizing session (Eager Flow): session_1766972888336_v73cy71
2025-12-29 07:19:13 : info: [SERVICE] Finalizing recording for session (S3 only): session_1766972888336_v73cy71
2025-12-29 07:19:15 : info: [S3 Service] Successfully uploaded recordings/session_1766972888336_v73cy71/video.webm to S3
2025-12-29 07:19:16 : info: [S3 Service] Successfully uploaded recordings/session_1766972888336_v73cy71/audio.webm to S3
2025-12-29 07:19:16 : info: [S3 Service] Successfully uploaded metadata/session_1766972888336_v73cy71.json to S3
2025-12-29 07:19:16 : info: [S3 Service] Successfully uploaded events/session_1766972888336_v73cy71.json to S3
2025-12-29 07:19:16 : info: [S3 Service] Successfully deleted temp-events/session_1766972888336_v73cy71.json from S3
2025-12-29 07:19:16 : warn: [Frontend Service] No client connected for session: session_1766972888336_v73cy71. Buffering video.
2025-12-29 07:19:16 : info: [Frontend Service] Buffered video message for session: session_1766972888336_v73cy71. Queue size: 1
2025-12-29 07:19:16 : warn: [Frontend Service] No client connected for session: session_1766972888336_v73cy71. Buffering audio.
2025-12-29 07:19:16 : info: [Frontend Service] Buffered audio message for session: session_1766972888336_v73cy71. Queue size: 2
2025-12-29 07:19:16 : info: [Recording Controller] 🤖 Starting Background AI Processing for: session_1766972888336_v73cy71
2025-12-29 07:19:16 : info: [Recording Controller] Transcribing audio file for session: session_1766972888336_v73cy71
2025-12-29 07:19:16 : info: [Deepgram] Transcribing file: D:\Code\FullStack\Clueso_Node_layer\src\uploads\audio_session_1766972888336_v73cy71.webm
2025-12-29 07:19:16 : info: [Deepgram] Building transcription options
2025-12-29 07:19:18 : info: [Frontend Service] Client connected: j2Azg66kyaPYxd_6AAAl
2025-12-29 07:19:18 : info: [Frontend Service] Client j2Azg66kyaPYxd_6AAAl registered for session: session_1766972888336_v73cy71
2025-12-29 07:19:18 : info: [Frontend Service] Flushing 2 buffered messages for session: session_1766972888336_v73cy71
2025-12-29 07:19:18 : info: [Frontend Service] Sending buffered video to session: session_1766972888336_v73cy71
2025-12-29 07:19:18 : info: [Frontend Service] Sending buffered audio to session: session_1766972888336_v73cy71
2025-12-29 07:19:19 : info: [Deepgram] File transcription complete
2025-12-29 07:19:19 : info: [Deepgram] Formatting result
2025-12-29 07:19:19 : info: [Deepgram] Saved full response to: D:\Code\FullStack\Clueso_Node_layer\deepgram_sessions\deepgram_session_1766972888336_v73cy71.json
2025-12-29 07:19:19 : info: [Deepgram] Final timeline built with
2025-12-29 07:19:20 : info: [S3 Service] Successfully uploaded recordings/session_1766972888336_v73cy71/deepgram.json to S3
2025-12-29 07:19:20 : info: [S3 Service] Successfully uploaded metadata/session_1766972888336_v73cy71.json to S3
2025-12-29 07:19:20 : info: [SERVICE] Deepgram status and duration updated in S3 for session: session_1766972888336_v73cy71
2025-12-29 07:19:20 : info: [Python Controller] Processing with AI:
2025-12-29 07:19:20 : info: [Python Controller] - Text: "This is my project in GitHub. It takes your, uh, local running projects and, uh, keep them in reposi..."
2025-12-29 07:19:20 : info: [Python Controller] - DOM Events: 42
2025-12-29 07:19:20 : info: [Python Controller] - Has Deepgram Response: true
2025-12-29 07:19:20 : info: [Python Controller] - Audio Path: D:\Code\FullStack\Clueso_Node_layer\src\uploads\audio_session_1766972888336_v73cy71.webm
2025-12-29 07:19:20 : info: [Python Controller] - Session ID: session_1766972888336_v73cy71
2025-12-29 07:19:20 : info: [Python Service] Sending session reference session_1766972888336_v73cy71 to Python layer
2025-12-29 07:20:12 : info: [Python Service] Successfully received response from Python layer
2025-12-29 07:20:12 : info: [Python Controller] Successfully received response from Python layer
2025-12-29 07:20:12 : info: [Python Controller] Python response:
2025-12-29 07:20:12 : info: [Python Controller] Broadcasting consolidated results to frontend (6 inst, 3 effects, 1 narrations)
2025-12-29 07:20:12 : info: [Frontend Service] Sending Python-processed instructions to session: session_1766972888336_v73cy71
2025-12-29 07:20:12 : info: [Python Controller] Broadcasting audio from Python: http://localhost:8000/https://s3.ap-south-1.amazonaws.com/cdn.vocallabs.ai/recordings/session_1766972888336_v73cy71/processed_audio.webm?X-Amz-Algorithm=AWS4-HMAC-SHA256&X-Amz-Checksum-Mode=ENABLED&X-Amz-Credential=AKIAUJ3VUUAO7GICQNEK%2F20251229%2Fap-south-1%2Fs3%2Faws4_request&X-Amz-Date=20251229T015011Z&X-Amz-Expires=86400&X-Amz-SignedHeaders=host&x-id=GetObject&X-Amz-Signature=74ba01bf02cccbe40e08f14d5a37e875ff5410a507f66997ea5bff35119e4969
2025-12-29 07:20:12 : info: [Frontend Service] Sending audio to session: session_1766972888336_v73cy71
2025-12-29 07:20:12 : info: [Recording Controller] ✅ Background AI processing completed for session: session_1766972888336_v73cy71
2025-12-29 07:29:53 : info: [Frontend Service] Client disconnected and removed from session: session_1766972888336_v73cy71
2025-12-29 07:31:33 : info: [S3 Service] Successfully uploaded temp-events/session_1766973685556_pa18hjl.json to S3
2025-12-29 07:31:33 : info: [SERVICE] Appended 1 events to S3 temp and memory for session: session_1766973685556_pa18hjl
2025-12-29 07:31:33 : info: [SERVICE] Saving video chunk for session session_1766973685556_pa18hjl
2025-12-29 07:31:33 : info: [SERVICE] Saving audio chunk for session session_1766973685556_pa18hjl
2025-12-29 07:31:33 : info: [S3 Service] Successfully uploaded temp-events/session_1766973685556_pa18hjl.json to S3
2025-12-29 07:31:33 : info: [SERVICE] Appended 5 events to S3 temp and memory for session: session_1766973685556_pa18hjl
2025-12-29 07:31:34 : info: [S3 Service] Successfully uploaded temp-events/session_1766973685556_pa18hjl.json to S3
2025-12-29 07:31:34 : info: [SERVICE] Appended 2 events to S3 temp and memory for session: session_1766973685556_pa18hjl
2025-12-29 07:31:34 : info: [S3 Service] Successfully uploaded temp-events/session_1766973685556_pa18hjl.json to S3
2025-12-29 07:31:34 : info: [SERVICE] Appended 1 events to S3 temp and memory for session: session_1766973685556_pa18hjl
2025-12-29 07:31:34 : info: [SERVICE] Saving video chunk for session session_1766973685556_pa18hjl
2025-12-29 07:31:34 : info: [S3 Service] Successfully uploaded temp-events/session_1766973685556_pa18hjl.json to S3
2025-12-29 07:31:34 : info: [SERVICE] Appended 1 events to S3 temp and memory for session: session_1766973685556_pa18hjl
2025-12-29 07:31:35 : info: [S3 Service] Successfully uploaded temp-events/session_1766973685556_pa18hjl.json to S3
2025-12-29 07:31:35 : info: [SERVICE] Appended 1 events to S3 temp and memory for session: session_1766973685556_pa18hjl
2025-12-29 07:31:35 : info: [S3 Service] Successfully uploaded temp-events/session_1766973685556_pa18hjl.json to S3
2025-12-29 07:31:35 : info: [SERVICE] Appended 1 events to S3 temp and memory for session: session_1766973685556_pa18hjl
2025-12-29 07:31:35 : info: [SERVICE] Saving video chunk for session session_1766973685556_pa18hjl
2025-12-29 07:31:35 : info: [S3 Service] Successfully uploaded temp-events/session_1766973685556_pa18hjl.json to S3
2025-12-29 07:31:35 : info: [SERVICE] Appended 4 events to S3 temp and memory for session: session_1766973685556_pa18hjl
2025-12-29 07:31:35 : info: [SERVICE] Saving audio chunk for session session_1766973685556_pa18hjl
2025-12-29 07:31:36 : info: [S3 Service] Successfully uploaded temp-events/session_1766973685556_pa18hjl.json to S3
2025-12-29 07:31:36 : info: [SERVICE] Appended 1 events to S3 temp and memory for session: session_1766973685556_pa18hjl
2025-12-29 07:31:36 : info: [S3 Service] Successfully uploaded temp-events/session_1766973685556_pa18hjl.json to S3
2025-12-29 07:31:36 : info: [SERVICE] Appended 1 events to S3 temp and memory for session: session_1766973685556_pa18hjl
2025-12-29 07:31:36 : info: [SERVICE] Saving video chunk for session session_1766973685556_pa18hjl
2025-12-29 07:31:36 : info: [S3 Service] Successfully uploaded temp-events/session_1766973685556_pa18hjl.json to S3
2025-12-29 07:31:36 : info: [SERVICE] Appended 1 events to S3 temp and memory for session: session_1766973685556_pa18hjl
2025-12-29 07:31:37 : info: [S3 Service] Successfully uploaded temp-events/session_1766973685556_pa18hjl.json to S3
2025-12-29 07:31:37 : info: [SERVICE] Appended 3 events to S3 temp and memory for session: session_1766973685556_pa18hjl
2025-12-29 07:31:38 : info: [SERVICE] Saving audio chunk for session session_1766973685556_pa18hjl
2025-12-29 07:31:38 : info: [SERVICE] Saving video chunk for session session_1766973685556_pa18hjl
2025-12-29 07:31:40 : info: [SERVICE] Saving audio chunk for session session_1766973685556_pa18hjl
2025-12-29 07:31:40 : info: [SERVICE] Saving video chunk for session session_1766973685556_pa18hjl
2025-12-29 07:31:41 : info: [SERVICE] Saving video chunk for session session_1766973685556_pa18hjl
2025-12-29 07:31:42 : info: [SERVICE] Saving audio chunk for session session_1766973685556_pa18hjl
2025-12-29 07:31:43 : info: [SERVICE] Saving video chunk for session session_1766973685556_pa18hjl
2025-12-29 07:31:44 : info: [SERVICE] Saving audio chunk for session session_1766973685556_pa18hjl
2025-12-29 07:31:44 : info: [SERVICE] Saving video chunk for session session_1766973685556_pa18hjl
2025-12-29 07:31:45 : info: [SERVICE] Saving video chunk for session session_1766973685556_pa18hjl
2025-12-29 07:31:46 : info: [SERVICE] Saving audio chunk for session session_1766973685556_pa18hjl
2025-12-29 07:31:46 : info: [SERVICE] Saving video chunk for session session_1766973685556_pa18hjl
2025-12-29 07:31:47 : info: [SERVICE] Saving video chunk for session session_1766973685556_pa18hjl
2025-12-29 07:31:48 : info: [SERVICE] Saving audio chunk for session session_1766973685556_pa18hjl
2025-12-29 07:31:48 : info: [SERVICE] Saving video chunk for session session_1766973685556_pa18hjl
2025-12-29 07:31:49 : info: [S3 Service] Successfully uploaded temp-events/session_1766973685556_pa18hjl.json to S3
2025-12-29 07:31:49 : info: [SERVICE] Appended 1 events to S3 temp and memory for session: session_1766973685556_pa18hjl
2025-12-29 07:31:49 : info: [SERVICE] Saving video chunk for session session_1766973685556_pa18hjl
2025-12-29 07:31:50 : info: [SERVICE] Saving audio chunk for session session_1766973685556_pa18hjl
2025-12-29 07:31:50 : info: [SERVICE] Saving video chunk for session session_1766973685556_pa18hjl
2025-12-29 07:31:51 : info: [SERVICE] Saving video chunk for session session_1766973685556_pa18hjl
2025-12-29 07:31:52 : info: [SERVICE] Saving audio chunk for session session_1766973685556_pa18hjl
2025-12-29 07:31:53 : info: [SERVICE] Saving video chunk for session session_1766973685556_pa18hjl
2025-12-29 07:31:54 : info: [S3 Service] Successfully uploaded temp-events/session_1766973685556_pa18hjl.json to S3
2025-12-29 07:31:54 : info: [SERVICE] Appended 2 events to S3 temp and memory for session: session_1766973685556_pa18hjl
2025-12-29 07:31:54 : info: [SERVICE] Saving audio chunk for session session_1766973685556_pa18hjl
2025-12-29 07:31:55 : info: [SERVICE] Saving video chunk for session session_1766973685556_pa18hjl
2025-12-29 07:31:55 : info: [S3 Service] Successfully uploaded temp-events/session_1766973685556_pa18hjl.json to S3
2025-12-29 07:31:55 : info: [SERVICE] Appended 1 events to S3 temp and memory for session: session_1766973685556_pa18hjl
2025-12-29 07:31:56 : info: [SERVICE] Saving audio chunk for session session_1766973685556_pa18hjl
2025-12-29 07:31:56 : info: [SERVICE] Saving video chunk for session session_1766973685556_pa18hjl
2025-12-29 07:31:57 : info: [SERVICE] Saving video chunk for session session_1766973685556_pa18hjl
2025-12-29 07:31:58 : info: [SERVICE] Saving audio chunk for session session_1766973685556_pa18hjl
2025-12-29 07:31:58 : info: [SERVICE] Saving video chunk for session session_1766973685556_pa18hjl
2025-12-29 07:31:59 : info: [SERVICE] Saving video chunk for session session_1766973685556_pa18hjl
2025-12-29 07:32:00 : info: [SERVICE] Saving audio chunk for session session_1766973685556_pa18hjl
2025-12-29 07:32:00 : info: [SERVICE] Saving video chunk for session session_1766973685556_pa18hjl
2025-12-29 07:32:01 : info: [SERVICE] Saving video chunk for session session_1766973685556_pa18hjl
2025-12-29 07:32:02 : info: [SERVICE] Saving audio chunk for session session_1766973685556_pa18hjl
2025-12-29 07:32:02 : info: [SERVICE] Saving video chunk for session session_1766973685556_pa18hjl
2025-12-29 07:32:04 : info: [SERVICE] Saving video chunk for session session_1766973685556_pa18hjl
2025-12-29 07:32:04 : info: [SERVICE] Saving audio chunk for session session_1766973685556_pa18hjl
2025-12-29 07:32:05 : info: [SERVICE] Saving video chunk for session session_1766973685556_pa18hjl
2025-12-29 07:32:06 : info: [SERVICE] Saving audio chunk for session session_1766973685556_pa18hjl
2025-12-29 07:32:06 : info: [SERVICE] Saving video chunk for session session_1766973685556_pa18hjl
2025-12-29 07:32:07 : info: [SERVICE] Saving video chunk for session session_1766973685556_pa18hjl
2025-12-29 07:32:08 : info: [SERVICE] Saving video chunk for session session_1766973685556_pa18hjl
2025-12-29 07:32:08 : info: [SERVICE] Saving audio chunk for session session_1766973685556_pa18hjl
2025-12-29 07:32:09 : info: [SERVICE] Saving video chunk for session session_1766973685556_pa18hjl
2025-12-29 07:32:10 : info: [SERVICE] Saving video chunk for session session_1766973685556_pa18hjl
2025-12-29 07:32:10 : info: [SERVICE] Saving audio chunk for session session_1766973685556_pa18hjl
2025-12-29 07:32:12 : info: [SERVICE] Saving video chunk for session session_1766973685556_pa18hjl
2025-12-29 07:32:12 : info: [SERVICE] Saving audio chunk for session session_1766973685556_pa18hjl
2025-12-29 07:32:13 : info: [SERVICE] Saving video chunk for session session_1766973685556_pa18hjl
2025-12-29 07:32:14 : info: [SERVICE] Saving video chunk for session session_1766973685556_pa18hjl
2025-12-29 07:32:14 : info: [SERVICE] Saving audio chunk for session session_1766973685556_pa18hjl
2025-12-29 07:32:15 : info: [SERVICE] Saving video chunk for session session_1766973685556_pa18hjl
2025-12-29 07:32:16 : info: [SERVICE] Saving video chunk for session session_1766973685556_pa18hjl
2025-12-29 07:32:16 : info: [SERVICE] Saving audio chunk for session session_1766973685556_pa18hjl
2025-12-29 07:32:17 : info: [SERVICE] Saving video chunk for session session_1766973685556_pa18hjl
2025-12-29 07:32:18 : info: [SERVICE] Saving video chunk for session session_1766973685556_pa18hjl
2025-12-29 07:32:18 : info: [SERVICE] Saving audio chunk for session session_1766973685556_pa18hjl
2025-12-29 07:32:19 : info: [SERVICE] Saving video chunk for session session_1766973685556_pa18hjl
2025-12-29 07:32:20 : info: [SERVICE] Saving video chunk for session session_1766973685556_pa18hjl
2025-12-29 07:32:20 : info: [SERVICE] Saving audio chunk for session session_1766973685556_pa18hjl
2025-12-29 07:32:21 : info: [SERVICE] Saving video chunk for session session_1766973685556_pa18hjl
2025-12-29 07:32:22 : info: [SERVICE] Saving video chunk for session session_1766973685556_pa18hjl
2025-12-29 07:32:22 : info: [SERVICE] Saving audio chunk for session session_1766973685556_pa18hjl
2025-12-29 07:32:23 : info: [SERVICE] Saving video chunk for session session_1766973685556_pa18hjl
2025-12-29 07:32:24 : info: [SERVICE] Saving audio chunk for session session_1766973685556_pa18hjl
2025-12-29 07:32:25 : info: [SERVICE] Saving video chunk for session session_1766973685556_pa18hjl
2025-12-29 07:32:26 : info: [SERVICE] Saving video chunk for session session_1766973685556_pa18hjl
2025-12-29 07:32:26 : info: [SERVICE] Saving audio chunk for session session_1766973685556_pa18hjl
2025-12-29 07:32:27 : info: [SERVICE] Saving video chunk for session session_1766973685556_pa18hjl
2025-12-29 07:32:27 : info: [Recording Controller] 🏁 Finalizing session (Eager Flow): session_1766973685556_pa18hjl
2025-12-29 07:32:27 : info: [SERVICE] Finalizing recording for session (S3 only): session_1766973685556_pa18hjl
2025-12-29 07:32:29 : info: [S3 Service] Successfully uploaded recordings/session_1766973685556_pa18hjl/video.webm to S3
2025-12-29 07:32:34 : info: [Frontend Service] Client disconnected and removed from session: session_1766971744721_li06cmj
2025-12-29 07:33:59 : info: [S3 Service] Successfully uploaded recordings/session_1766973685556_pa18hjl/audio.webm to S3
2025-12-29 07:33:59 : info: [S3 Service] Successfully uploaded metadata/session_1766973685556_pa18hjl.json to S3
2025-12-29 07:34:00 : info: [S3 Service] Successfully uploaded events/session_1766973685556_pa18hjl.json to S3
2025-12-29 07:34:00 : info: [S3 Service] Successfully deleted temp-events/session_1766973685556_pa18hjl.json from S3
2025-12-29 07:34:00 : warn: [Frontend Service] No client connected for session: session_1766973685556_pa18hjl. Buffering video.
2025-12-29 07:34:00 : info: [Frontend Service] Buffered video message for session: session_1766973685556_pa18hjl. Queue size: 1
2025-12-29 07:34:00 : warn: [Frontend Service] No client connected for session: session_1766973685556_pa18hjl. Buffering audio.
2025-12-29 07:34:00 : info: [Frontend Service] Buffered audio message for session: session_1766973685556_pa18hjl. Queue size: 2
2025-12-29 07:34:00 : info: [Recording Controller] 🤖 Starting Background AI Processing for: session_1766973685556_pa18hjl
2025-12-29 07:34:00 : info: [Recording Controller] Transcribing audio file for session: session_1766973685556_pa18hjl
2025-12-29 07:34:00 : info: [Deepgram] Transcribing file: D:\Code\FullStack\Clueso_Node_layer\src\uploads\audio_session_1766973685556_pa18hjl.webm
2025-12-29 07:34:00 : info: [Deepgram] Building transcription options
2025-12-29 07:34:04 : info: [Deepgram] File transcription complete
2025-12-29 07:34:04 : info: [Deepgram] Formatting result
2025-12-29 07:34:04 : info: [Deepgram] Saved full response to: D:\Code\FullStack\Clueso_Node_layer\deepgram_sessions\deepgram_session_1766973685556_pa18hjl.json
2025-12-29 07:34:04 : info: [Deepgram] Final timeline built with
2025-12-29 07:34:09 : info: [S3 Service] Successfully uploaded recordings/session_1766973685556_pa18hjl/deepgram.json to S3
2025-12-29 07:34:09 : info: [S3 Service] Successfully uploaded metadata/session_1766973685556_pa18hjl.json to S3
2025-12-29 07:34:09 : info: [SERVICE] Deepgram status and duration updated in S3 for session: session_1766973685556_pa18hjl
2025-12-29 07:34:09 : info: [Python Controller] Processing with AI:
2025-12-29 07:34:09 : info: [Python Controller] - Text: "So this is not project tab. It, uh, lets you, uh, push to our, uh, projects, nine, or keep them in d..."
2025-12-29 07:34:09 : info: [Python Controller] - DOM Events: 26
2025-12-29 07:34:09 : info: [Python Controller] - Has Deepgram Response: true
2025-12-29 07:34:09 : info: [Python Controller] - Audio Path: D:\Code\FullStack\Clueso_Node_layer\src\uploads\audio_session_1766973685556_pa18hjl.webm
2025-12-29 07:34:09 : info: [Python Controller] - Session ID: session_1766973685556_pa18hjl
2025-12-29 07:34:09 : info: [Python Service] Sending session reference session_1766973685556_pa18hjl to Python layer
2025-12-29 07:35:06 : info: [Python Service] Successfully received response from Python layer
2025-12-29 07:35:06 : info: [Python Controller] Successfully received response from Python layer
2025-12-29 07:35:06 : info: [Python Controller] Python response:
2025-12-29 07:35:06 : info: [Python Controller] Broadcasting consolidated results to frontend (7 inst, 4 effects, 1 narrations)
2025-12-29 07:35:06 : warn: [Frontend Service] No client connected for session: session_1766973685556_pa18hjl. Buffering instructions.
2025-12-29 07:35:06 : info: [Frontend Service] Buffered instructions message for session: session_1766973685556_pa18hjl. Queue size: 3
2025-12-29 07:35:06 : info: [Python Controller] Broadcasting audio from Python: http://localhost:8000/https://s3.ap-south-1.amazonaws.com/cdn.vocallabs.ai/recordings/session_1766973685556_pa18hjl/processed_audio.webm?X-Amz-Algorithm=AWS4-HMAC-SHA256&X-Amz-Checksum-Mode=ENABLED&X-Amz-Credential=AKIAUJ3VUUAO7GICQNEK%2F20251229%2Fap-south-1%2Fs3%2Faws4_request&X-Amz-Date=20251229T020506Z&X-Amz-Expires=86400&X-Amz-SignedHeaders=host&x-id=GetObject&X-Amz-Signature=de136a9764347bf228b9a5141e997af6d3257b68b322a3ed06956fac83b7c6dd
2025-12-29 07:35:06 : warn: [Frontend Service] No client connected for session: session_1766973685556_pa18hjl. Buffering audio.
2025-12-29 07:35:06 : info: [Frontend Service] Buffered audio message for session: session_1766973685556_pa18hjl. Queue size: 4
2025-12-29 07:35:06 : info: [Recording Controller] ✅ Background AI processing completed for session: session_1766973685556_pa18hjl
2025-12-29 07:35:25 : info: [SERVICE] Saving video chunk for session session_1766973916512_vipsymx
2025-12-29 07:35:25 : info: [S3 Service] Successfully uploaded temp-events/session_1766973916512_vipsymx.json to S3
2025-12-29 07:35:25 : info: [SERVICE] Appended 1 events to S3 temp and memory for session: session_1766973916512_vipsymx
2025-12-29 07:35:26 : info: [SERVICE] Saving audio chunk for session session_1766973916512_vipsymx
2025-12-29 07:35:26 : info: [SERVICE] Saving video chunk for session session_1766973916512_vipsymx
2025-12-29 07:35:26 : info: [S3 Service] Successfully uploaded temp-events/session_1766973916512_vipsymx.json to S3
2025-12-29 07:35:26 : info: [SERVICE] Appended 7 events to S3 temp and memory for session: session_1766973916512_vipsymx
2025-12-29 07:35:27 : info: [S3 Service] Successfully uploaded temp-events/session_1766973916512_vipsymx.json to S3
2025-12-29 07:35:27 : info: [SERVICE] Appended 4 events to S3 temp and memory for session: session_1766973916512_vipsymx
2025-12-29 07:35:27 : info: [SERVICE] Saving video chunk for session session_1766973916512_vipsymx
2025-12-29 07:35:27 : info: [S3 Service] Successfully uploaded temp-events/session_1766973916512_vipsymx.json to S3
2025-12-29 07:35:27 : info: [SERVICE] Appended 2 events to S3 temp and memory for session: session_1766973916512_vipsymx
2025-12-29 07:35:27 : info: [S3 Service] Successfully uploaded temp-events/session_1766973916512_vipsymx.json to S3
2025-12-29 07:35:27 : info: [SERVICE] Appended 1 events to S3 temp and memory for session: session_1766973916512_vipsymx
2025-12-29 07:35:27 : info: [S3 Service] Successfully uploaded temp-events/session_1766973916512_vipsymx.json to S3
2025-12-29 07:35:27 : info: [SERVICE] Appended 1 events to S3 temp and memory for session: session_1766973916512_vipsymx
2025-12-29 07:35:28 : info: [SERVICE] Saving audio chunk for session session_1766973916512_vipsymx
2025-12-29 07:35:28 : info: [SERVICE] Saving video chunk for session session_1766973916512_vipsymx
2025-12-29 07:35:28 : info: [S3 Service] Successfully uploaded temp-events/session_1766973916512_vipsymx.json to S3
2025-12-29 07:35:28 : info: [SERVICE] Appended 1 events to S3 temp and memory for session: session_1766973916512_vipsymx
2025-12-29 07:35:28 : info: [S3 Service] Successfully uploaded temp-events/session_1766973916512_vipsymx.json to S3
2025-12-29 07:35:28 : info: [SERVICE] Appended 1 events to S3 temp and memory for session: session_1766973916512_vipsymx
2025-12-29 07:35:28 : info: [S3 Service] Successfully uploaded temp-events/session_1766973916512_vipsymx.json to S3
2025-12-29 07:35:28 : info: [SERVICE] Appended 1 events to S3 temp and memory for session: session_1766973916512_vipsymx
2025-12-29 07:35:29 : info: [SERVICE] Saving video chunk for session session_1766973916512_vipsymx
2025-12-29 07:35:30 : info: [SERVICE] Saving audio chunk for session session_1766973916512_vipsymx
2025-12-29 07:35:30 : info: [S3 Service] Successfully uploaded temp-events/session_1766973916512_vipsymx.json to S3
2025-12-29 07:35:30 : info: [SERVICE] Appended 5 events to S3 temp and memory for session: session_1766973916512_vipsymx
2025-12-29 07:35:30 : info: [S3 Service] Successfully uploaded temp-events/session_1766973916512_vipsymx.json to S3
2025-12-29 07:35:30 : info: [SERVICE] Appended 3 events to S3 temp and memory for session: session_1766973916512_vipsymx
2025-12-29 07:35:30 : info: [SERVICE] Saving video chunk for session session_1766973916512_vipsymx
2025-12-29 07:35:30 : info: [S3 Service] Successfully uploaded temp-events/session_1766973916512_vipsymx.json to S3
2025-12-29 07:35:30 : info: [SERVICE] Appended 5 events to S3 temp and memory for session: session_1766973916512_vipsymx
2025-12-29 07:35:31 : info: [SERVICE] Saving video chunk for session session_1766973916512_vipsymx
2025-12-29 07:35:32 : info: [SERVICE] Saving audio chunk for session session_1766973916512_vipsymx
2025-12-29 07:35:33 : info: [SERVICE] Saving video chunk for session session_1766973916512_vipsymx
2025-12-29 07:35:34 : info: [SERVICE] Saving audio chunk for session session_1766973916512_vipsymx
2025-12-29 07:35:34 : info: [SERVICE] Saving video chunk for session session_1766973916512_vipsymx
2025-12-29 07:35:34 : info: [S3 Service] Successfully uploaded temp-events/session_1766973916512_vipsymx.json to S3
2025-12-29 07:35:34 : info: [SERVICE] Appended 2 events to S3 temp and memory for session: session_1766973916512_vipsymx
2025-12-29 07:35:36 : info: [SERVICE] Saving audio chunk for session session_1766973916512_vipsymx
2025-12-29 07:35:36 : info: [SERVICE] Saving video chunk for session session_1766973916512_vipsymx
2025-12-29 07:35:36 : info: [S3 Service] Successfully uploaded temp-events/session_1766973916512_vipsymx.json to S3
2025-12-29 07:35:36 : info: [SERVICE] Appended 1 events to S3 temp and memory for session: session_1766973916512_vipsymx
2025-12-29 07:35:37 : info: [SERVICE] Saving video chunk for session session_1766973916512_vipsymx
2025-12-29 07:35:38 : info: [SERVICE] Saving audio chunk for session session_1766973916512_vipsymx
2025-12-29 07:35:38 : info: [SERVICE] Saving video chunk for session session_1766973916512_vipsymx
2025-12-29 07:35:39 : info: [SERVICE] Saving video chunk for session session_1766973916512_vipsymx
2025-12-29 07:35:39 : info: [S3 Service] Successfully uploaded temp-events/session_1766973916512_vipsymx.json to S3
2025-12-29 07:35:39 : info: [SERVICE] Appended 1 events to S3 temp and memory for session: session_1766973916512_vipsymx
2025-12-29 07:35:40 : info: [SERVICE] Saving audio chunk for session session_1766973916512_vipsymx
2025-12-29 07:35:40 : info: [SERVICE] Saving video chunk for session session_1766973916512_vipsymx
2025-12-29 07:35:40 : info: [S3 Service] Successfully uploaded temp-events/session_1766973916512_vipsymx.json to S3
2025-12-29 07:35:40 : info: [SERVICE] Appended 1 events to S3 temp and memory for session: session_1766973916512_vipsymx
2025-12-29 07:35:41 : info: [SERVICE] Saving video chunk for session session_1766973916512_vipsymx
2025-12-29 07:35:42 : info: [S3 Service] Successfully uploaded temp-events/session_1766973916512_vipsymx.json to S3
2025-12-29 07:35:42 : info: [SERVICE] Appended 1 events to S3 temp and memory for session: session_1766973916512_vipsymx
2025-12-29 07:35:42 : info: [SERVICE] Saving audio chunk for session session_1766973916512_vipsymx
2025-12-29 07:35:42 : info: [S3 Service] Successfully uploaded temp-events/session_1766973916512_vipsymx.json to S3
2025-12-29 07:35:42 : info: [SERVICE] Appended 1 events to S3 temp and memory for session: session_1766973916512_vipsymx
2025-12-29 07:35:42 : info: [S3 Service] Successfully uploaded temp-events/session_1766973916512_vipsymx.json to S3
2025-12-29 07:35:42 : info: [SERVICE] Appended 1 events to S3 temp and memory for session: session_1766973916512_vipsymx
2025-12-29 07:35:42 : info: [SERVICE] Saving video chunk for session session_1766973916512_vipsymx
2025-12-29 07:35:43 : info: [SERVICE] Saving video chunk for session session_1766973916512_vipsymx
2025-12-29 07:35:44 : info: [SERVICE] Saving audio chunk for session session_1766973916512_vipsymx
2025-12-29 07:35:44 : info: [SERVICE] Saving video chunk for session session_1766973916512_vipsymx
2025-12-29 07:35:45 : info: [SERVICE] Saving video chunk for session session_1766973916512_vipsymx
2025-12-29 07:35:46 : info: [SERVICE] Saving audio chunk for session session_1766973916512_vipsymx
2025-12-29 07:35:46 : info: [SERVICE] Saving video chunk for session session_1766973916512_vipsymx
2025-12-29 07:35:47 : info: [SERVICE] Saving video chunk for session session_1766973916512_vipsymx
2025-12-29 07:35:48 : info: [SERVICE] Saving audio chunk for session session_1766973916512_vipsymx
2025-12-29 07:35:49 : info: [SERVICE] Saving video chunk for session session_1766973916512_vipsymx
2025-12-29 07:35:50 : info: [SERVICE] Saving video chunk for session session_1766973916512_vipsymx
2025-12-29 07:35:50 : info: [SERVICE] Saving audio chunk for session session_1766973916512_vipsymx
2025-12-29 07:35:51 : info: [SERVICE] Saving video chunk for session session_1766973916512_vipsymx
2025-12-29 07:35:52 : info: [SERVICE] Saving audio chunk for session session_1766973916512_vipsymx
2025-12-29 07:35:52 : info: [SERVICE] Saving video chunk for session session_1766973916512_vipsymx
2025-12-29 07:35:53 : info: [SERVICE] Saving video chunk for session session_1766973916512_vipsymx
2025-12-29 07:35:54 : info: [SERVICE] Saving audio chunk for session session_1766973916512_vipsymx
2025-12-29 07:35:54 : info: [SERVICE] Saving video chunk for session session_1766973916512_vipsymx
2025-12-29 07:35:56 : info: [SERVICE] Saving video chunk for session session_1766973916512_vipsymx
2025-12-29 07:35:56 : info: [SERVICE] Saving audio chunk for session session_1766973916512_vipsymx
2025-12-29 07:35:57 : info: [SERVICE] Saving video chunk for session session_1766973916512_vipsymx
2025-12-29 07:35:58 : info: [SERVICE] Saving audio chunk for session session_1766973916512_vipsymx
2025-12-29 07:35:58 : info: [SERVICE] Saving video chunk for session session_1766973916512_vipsymx
2025-12-29 07:35:59 : info: [SERVICE] Saving video chunk for session session_1766973916512_vipsymx
2025-12-29 07:36:00 : info: [SERVICE] Saving audio chunk for session session_1766973916512_vipsymx
2025-12-29 07:36:00 : info: [SERVICE] Saving video chunk for session session_1766973916512_vipsymx
2025-12-29 07:36:02 : info: [SERVICE] Saving video chunk for session session_1766973916512_vipsymx
2025-12-29 07:36:02 : info: [SERVICE] Saving audio chunk for session session_1766973916512_vipsymx
2025-12-29 07:36:03 : info: [SERVICE] Saving video chunk for session session_1766973916512_vipsymx
2025-12-29 07:36:04 : info: [SERVICE] Saving video chunk for session session_1766973916512_vipsymx
2025-12-29 07:36:04 : info: [SERVICE] Saving audio chunk for session session_1766973916512_vipsymx
2025-12-29 07:36:05 : info: [SERVICE] Saving video chunk for session session_1766973916512_vipsymx
2025-12-29 07:36:06 : info: [SERVICE] Saving audio chunk for session session_1766973916512_vipsymx
2025-12-29 07:36:06 : info: [SERVICE] Saving video chunk for session session_1766973916512_vipsymx
2025-12-29 07:36:07 : info: [Recording Controller] 🏁 Finalizing session (Eager Flow): session_1766973916512_vipsymx
2025-12-29 07:36:08 : info: [SERVICE] Finalizing recording for session (S3 only): session_1766973916512_vipsymx
2025-12-29 07:36:09 : info: [S3 Service] Successfully uploaded recordings/session_1766973916512_vipsymx/video.webm to S3
2025-12-29 07:36:09 : info: [S3 Service] Successfully uploaded recordings/session_1766973916512_vipsymx/audio.webm to S3
2025-12-29 07:36:10 : info: [S3 Service] Successfully uploaded metadata/session_1766973916512_vipsymx.json to S3
2025-12-29 07:36:10 : info: [S3 Service] Successfully uploaded events/session_1766973916512_vipsymx.json to S3
2025-12-29 07:36:10 : info: [S3 Service] Successfully deleted temp-events/session_1766973916512_vipsymx.json from S3
2025-12-29 07:36:10 : warn: [Frontend Service] No client connected for session: session_1766973916512_vipsymx. Buffering video.
2025-12-29 07:36:10 : info: [Frontend Service] Buffered video message for session: session_1766973916512_vipsymx. Queue size: 1
2025-12-29 07:36:10 : warn: [Frontend Service] No client connected for session: session_1766973916512_vipsymx. Buffering audio.
2025-12-29 07:36:10 : info: [Frontend Service] Buffered audio message for session: session_1766973916512_vipsymx. Queue size: 2
2025-12-29 07:36:10 : info: [Recording Controller] 🤖 Starting Background AI Processing for: session_1766973916512_vipsymx
2025-12-29 07:36:10 : info: [Recording Controller] Transcribing audio file for session: session_1766973916512_vipsymx
2025-12-29 07:36:10 : info: [Deepgram] Transcribing file: D:\Code\FullStack\Clueso_Node_layer\src\uploads\audio_session_1766973916512_vipsymx.webm
2025-12-29 07:36:10 : info: [Deepgram] Building transcription options
2025-12-29 07:36:11 : info: [Frontend Service] Client connected: Y4iPjLh38oD6RBIJAAAn
2025-12-29 07:36:11 : info: [Frontend Service] Client Y4iPjLh38oD6RBIJAAAn registered for session: session_1766973916512_vipsymx
2025-12-29 07:36:11 : info: [Frontend Service] Flushing 2 buffered messages for session: session_1766973916512_vipsymx
2025-12-29 07:36:11 : info: [Frontend Service] Sending buffered video to session: session_1766973916512_vipsymx
2025-12-29 07:36:11 : info: [Frontend Service] Sending buffered audio to session: session_1766973916512_vipsymx
2025-12-29 07:36:14 : info: [Deepgram] File transcription complete
2025-12-29 07:36:14 : info: [Deepgram] Formatting result
2025-12-29 07:36:14 : info: [Deepgram] Saved full response to: D:\Code\FullStack\Clueso_Node_layer\deepgram_sessions\deepgram_session_1766973916512_vipsymx.json
2025-12-29 07:36:14 : info: [Deepgram] Final timeline built with
2025-12-29 07:36:14 : info: [S3 Service] Successfully uploaded recordings/session_1766973916512_vipsymx/deepgram.json to S3
2025-12-29 07:36:14 : info: [S3 Service] Successfully uploaded metadata/session_1766973916512_vipsymx.json to S3
2025-12-29 07:36:14 : info: [SERVICE] Deepgram status and duration updated in S3 for session: session_1766973916512_vipsymx
2025-12-29 07:36:14 : info: [Python Controller] Processing with AI:
2025-12-29 07:36:14 : info: [Python Controller] - Text: "So this is another data. You can take your project and keep it online. I will tell you how to create..."
2025-12-29 07:36:14 : info: [Python Controller] - DOM Events: 40
2025-12-29 07:36:14 : info: [Python Controller] - Has Deepgram Response: true
2025-12-29 07:36:14 : info: [Python Controller] - Audio Path: D:\Code\FullStack\Clueso_Node_layer\src\uploads\audio_session_1766973916512_vipsymx.webm
2025-12-29 07:36:14 : info: [Python Controller] - Session ID: session_1766973916512_vipsymx
2025-12-29 07:36:14 : info: [Python Service] Sending session reference session_1766973916512_vipsymx to Python layer
2025-12-29 07:36:55 : info: [Python Service] Successfully received response from Python layer
2025-12-29 07:36:55 : info: [Python Controller] Successfully received response from Python layer
2025-12-29 07:36:55 : info: [Python Controller] Python response:
2025-12-29 07:36:55 : info: [Python Controller] Broadcasting consolidated results to frontend (11 inst, 4 effects, 1 narrations)
2025-12-29 07:36:55 : info: [Frontend Service] Sending Python-processed instructions to session: session_1766973916512_vipsymx
2025-12-29 07:36:55 : info: [Python Controller] Broadcasting audio from Python: http://localhost:8000/https://s3.ap-south-1.amazonaws.com/cdn.vocallabs.ai/recordings/session_1766973916512_vipsymx/processed_audio.webm?X-Amz-Algorithm=AWS4-HMAC-SHA256&X-Amz-Checksum-Mode=ENABLED&X-Amz-Credential=AKIAUJ3VUUAO7GICQNEK%2F20251229%2Fap-south-1%2Fs3%2Faws4_request&X-Amz-Date=20251229T020655Z&X-Amz-Expires=86400&X-Amz-SignedHeaders=host&x-id=GetObject&X-Amz-Signature=4962d027b431bef6117f3f5b06cd0570db35ae5a694a9be05b67c8f8d6b3c9ce
2025-12-29 07:36:55 : info: [Frontend Service] Sending audio to session: session_1766973916512_vipsymx
2025-12-29 07:36:55 : info: [Recording Controller] ✅ Background AI processing completed for session: session_1766973916512_vipsymx
2025-12-29 09:17:51 : info: [Frontend Service] Client disconnected and removed from session: session_1766973916512_vipsymx
2025-12-29 09:17:56 : info: [Frontend Service] Client connected: fEzTmWDVjPF6O_s9AAAp
2025-12-29 09:39:08 : info: [S3 Service] Successfully uploaded temp-events/session_1766981342765_tlbzbt5.json to S3
2025-12-29 09:39:08 : info: [SERVICE] Appended 1 events to S3 temp and memory for session: session_1766981342765_tlbzbt5
2025-12-29 09:39:08 : info: [SERVICE] Saving video chunk for session session_1766981342765_tlbzbt5
2025-12-29 09:39:08 : info: [SERVICE] Saving audio chunk for session session_1766981342765_tlbzbt5
2025-12-29 09:39:09 : info: [SERVICE] Saving video chunk for session session_1766981342765_tlbzbt5
2025-12-29 09:39:10 : info: [SERVICE] Saving video chunk for session session_1766981342765_tlbzbt5
2025-12-29 09:39:10 : info: [SERVICE] Saving audio chunk for session session_1766981342765_tlbzbt5
2025-12-29 09:39:11 : info: [S3 Service] Successfully uploaded temp-events/session_1766981342765_tlbzbt5.json to S3
2025-12-29 09:39:11 : info: [SERVICE] Appended 4 events to S3 temp and memory for session: session_1766981342765_tlbzbt5
2025-12-29 09:39:11 : info: [S3 Service] Successfully uploaded temp-events/session_1766981342765_tlbzbt5.json to S3
2025-12-29 09:39:11 : info: [SERVICE] Appended 2 events to S3 temp and memory for session: session_1766981342765_tlbzbt5
2025-12-29 09:39:11 : info: [S3 Service] Successfully uploaded temp-events/session_1766981342765_tlbzbt5.json to S3
2025-12-29 09:39:11 : info: [SERVICE] Appended 1 events to S3 temp and memory for session: session_1766981342765_tlbzbt5
2025-12-29 09:39:11 : info: [SERVICE] Saving video chunk for session session_1766981342765_tlbzbt5
2025-12-29 09:39:11 : info: [S3 Service] Successfully uploaded temp-events/session_1766981342765_tlbzbt5.json to S3
2025-12-29 09:39:11 : info: [SERVICE] Appended 1 events to S3 temp and memory for session: session_1766981342765_tlbzbt5
2025-12-29 09:39:12 : info: [S3 Service] Successfully uploaded temp-events/session_1766981342765_tlbzbt5.json to S3
2025-12-29 09:39:12 : info: [SERVICE] Appended 1 events to S3 temp and memory for session: session_1766981342765_tlbzbt5
2025-12-29 09:39:12 : info: [S3 Service] Successfully uploaded temp-events/session_1766981342765_tlbzbt5.json to S3
2025-12-29 09:39:12 : info: [SERVICE] Appended 5 events to S3 temp and memory for session: session_1766981342765_tlbzbt5
2025-12-29 09:39:12 : info: [S3 Service] Successfully uploaded temp-events/session_1766981342765_tlbzbt5.json to S3
2025-12-29 09:39:12 : info: [SERVICE] Appended 2 events to S3 temp and memory for session: session_1766981342765_tlbzbt5
2025-12-29 09:39:12 : info: [SERVICE] Saving video chunk for session session_1766981342765_tlbzbt5
2025-12-29 09:39:12 : info: [SERVICE] Saving audio chunk for session session_1766981342765_tlbzbt5
2025-12-29 09:39:12 : info: [S3 Service] Successfully uploaded temp-events/session_1766981342765_tlbzbt5.json to S3
2025-12-29 09:39:12 : info: [SERVICE] Appended 2 events to S3 temp and memory for session: session_1766981342765_tlbzbt5
2025-12-29 09:39:13 : info: [S3 Service] Successfully uploaded temp-events/session_1766981342765_tlbzbt5.json to S3
2025-12-29 09:39:13 : info: [SERVICE] Appended 9 events to S3 temp and memory for session: session_1766981342765_tlbzbt5
2025-12-29 09:39:13 : info: [S3 Service] Successfully uploaded temp-events/session_1766981342765_tlbzbt5.json to S3
2025-12-29 09:39:13 : info: [SERVICE] Appended 4 events to S3 temp and memory for session: session_1766981342765_tlbzbt5
2025-12-29 09:39:13 : info: [S3 Service] Successfully uploaded temp-events/session_1766981342765_tlbzbt5.json to S3
2025-12-29 09:39:13 : info: [SERVICE] Appended 1 events to S3 temp and memory for session: session_1766981342765_tlbzbt5
2025-12-29 09:39:13 : info: [SERVICE] Saving video chunk for session session_1766981342765_tlbzbt5
2025-12-29 09:39:14 : info: [SERVICE] Saving video chunk for session session_1766981342765_tlbzbt5
2025-12-29 09:39:14 : info: [SERVICE] Saving audio chunk for session session_1766981342765_tlbzbt5
2025-12-29 09:39:15 : info: [S3 Service] Successfully uploaded temp-events/session_1766981342765_tlbzbt5.json to S3
2025-12-29 09:39:15 : info: [SERVICE] Appended 7 events to S3 temp and memory for session: session_1766981342765_tlbzbt5
2025-12-29 09:39:15 : info: [S3 Service] Successfully uploaded temp-events/session_1766981342765_tlbzbt5.json to S3
2025-12-29 09:39:15 : info: [SERVICE] Appended 3 events to S3 temp and memory for session: session_1766981342765_tlbzbt5
2025-12-29 09:39:15 : info: [S3 Service] Successfully uploaded temp-events/session_1766981342765_tlbzbt5.json to S3
2025-12-29 09:39:15 : info: [SERVICE] Appended 1 events to S3 temp and memory for session: session_1766981342765_tlbzbt5
2025-12-29 09:39:15 : info: [SERVICE] Saving video chunk for session session_1766981342765_tlbzbt5
2025-12-29 09:39:16 : info: [S3 Service] Successfully uploaded temp-events/session_1766981342765_tlbzbt5.json to S3
2025-12-29 09:39:16 : info: [SERVICE] Appended 3 events to S3 temp and memory for session: session_1766981342765_tlbzbt5
2025-12-29 09:39:16 : info: [S3 Service] Successfully uploaded temp-events/session_1766981342765_tlbzbt5.json to S3
2025-12-29 09:39:16 : info: [SERVICE] Appended 7 events to S3 temp and memory for session: session_1766981342765_tlbzbt5
2025-12-29 09:39:16 : info: [S3 Service] Successfully uploaded temp-events/session_1766981342765_tlbzbt5.json to S3
2025-12-29 09:39:16 : info: [SERVICE] Appended 5 events to S3 temp and memory for session: session_1766981342765_tlbzbt5
2025-12-29 09:39:16 : info: [SERVICE] Saving audio chunk for session session_1766981342765_tlbzbt5
2025-12-29 09:39:17 : info: [SERVICE] Saving video chunk for session session_1766981342765_tlbzbt5
2025-12-29 09:39:18 : info: [SERVICE] Saving video chunk for session session_1766981342765_tlbzbt5
2025-12-29 09:39:18 : info: [SERVICE] Saving audio chunk for session session_1766981342765_tlbzbt5
2025-12-29 09:39:19 : info: [SERVICE] Saving video chunk for session session_1766981342765_tlbzbt5
2025-12-29 09:39:20 : info: [SERVICE] Saving video chunk for session session_1766981342765_tlbzbt5
2025-12-29 09:39:20 : info: [S3 Service] Successfully uploaded temp-events/session_1766981342765_tlbzbt5.json to S3
2025-12-29 09:39:20 : info: [SERVICE] Appended 1 events to S3 temp and memory for session: session_1766981342765_tlbzbt5
2025-12-29 09:39:20 : info: [SERVICE] Saving audio chunk for session session_1766981342765_tlbzbt5
2025-12-29 09:39:21 : info: [SERVICE] Saving video chunk for session session_1766981342765_tlbzbt5
2025-12-29 09:39:22 : info: [SERVICE] Saving video chunk for session session_1766981342765_tlbzbt5
2025-12-29 09:39:23 : info: [SERVICE] Saving audio chunk for session session_1766981342765_tlbzbt5
2025-12-29 09:39:23 : info: [SERVICE] Saving video chunk for session session_1766981342765_tlbzbt5
2025-12-29 09:39:24 : info: [SERVICE] Saving video chunk for session session_1766981342765_tlbzbt5
2025-12-29 09:39:25 : info: [SERVICE] Saving audio chunk for session session_1766981342765_tlbzbt5
2025-12-29 09:39:26 : info: [SERVICE] Saving video chunk for session session_1766981342765_tlbzbt5
2025-12-29 09:39:27 : info: [SERVICE] Saving video chunk for session session_1766981342765_tlbzbt5
2025-12-29 09:39:27 : info: [SERVICE] Saving audio chunk for session session_1766981342765_tlbzbt5
2025-12-29 09:39:28 : info: [SERVICE] Saving video chunk for session session_1766981342765_tlbzbt5
2025-12-29 09:39:29 : info: [SERVICE] Saving audio chunk for session session_1766981342765_tlbzbt5
2025-12-29 09:39:29 : info: [SERVICE] Saving video chunk for session session_1766981342765_tlbzbt5
2025-12-29 09:39:30 : info: [SERVICE] Saving video chunk for session session_1766981342765_tlbzbt5
2025-12-29 09:39:31 : info: [SERVICE] Saving audio chunk for session session_1766981342765_tlbzbt5
2025-12-29 09:39:32 : info: [SERVICE] Saving video chunk for session session_1766981342765_tlbzbt5
2025-12-29 09:39:33 : info: [SERVICE] Saving audio chunk for session session_1766981342765_tlbzbt5
2025-12-29 09:39:33 : info: [SERVICE] Saving video chunk for session session_1766981342765_tlbzbt5
2025-12-29 09:39:34 : info: [SERVICE] Saving video chunk for session session_1766981342765_tlbzbt5
2025-12-29 09:39:35 : info: [SERVICE] Saving audio chunk for session session_1766981342765_tlbzbt5
2025-12-29 09:39:35 : info: [SERVICE] Saving video chunk for session session_1766981342765_tlbzbt5
2025-12-29 09:39:36 : info: [SERVICE] Saving video chunk for session session_1766981342765_tlbzbt5
2025-12-29 09:39:37 : info: [SERVICE] Saving audio chunk for session session_1766981342765_tlbzbt5
2025-12-29 09:39:37 : info: [SERVICE] Saving video chunk for session session_1766981342765_tlbzbt5
2025-12-29 09:39:38 : info: [SERVICE] Saving video chunk for session session_1766981342765_tlbzbt5
2025-12-29 09:39:39 : info: [SERVICE] Saving audio chunk for session session_1766981342765_tlbzbt5
2025-12-29 09:39:39 : info: [SERVICE] Saving video chunk for session session_1766981342765_tlbzbt5
2025-12-29 09:39:41 : info: [SERVICE] Saving video chunk for session session_1766981342765_tlbzbt5
2025-12-29 09:39:41 : info: [SERVICE] Saving audio chunk for session session_1766981342765_tlbzbt5
2025-12-29 09:39:42 : info: [SERVICE] Saving video chunk for session session_1766981342765_tlbzbt5
2025-12-29 09:39:43 : info: [SERVICE] Saving video chunk for session session_1766981342765_tlbzbt5
2025-12-29 09:39:43 : info: [SERVICE] Saving audio chunk for session session_1766981342765_tlbzbt5
2025-12-29 09:39:44 : info: [SERVICE] Saving video chunk for session session_1766981342765_tlbzbt5
2025-12-29 09:39:45 : info: [SERVICE] Saving audio chunk for session session_1766981342765_tlbzbt5
2025-12-29 09:39:45 : info: [SERVICE] Saving video chunk for session session_1766981342765_tlbzbt5
2025-12-29 09:39:46 : info: [SERVICE] Saving video chunk for session session_1766981342765_tlbzbt5
2025-12-29 09:39:47 : info: [SERVICE] Saving audio chunk for session session_1766981342765_tlbzbt5
2025-12-29 09:39:47 : info: [SERVICE] Saving video chunk for session session_1766981342765_tlbzbt5
2025-12-29 09:39:49 : info: [SERVICE] Saving video chunk for session session_1766981342765_tlbzbt5
2025-12-29 09:39:49 : info: [SERVICE] Saving audio chunk for session session_1766981342765_tlbzbt5
2025-12-29 09:39:50 : info: [SERVICE] Saving video chunk for session session_1766981342765_tlbzbt5
2025-12-29 09:39:51 : info: [SERVICE] Saving audio chunk for session session_1766981342765_tlbzbt5
2025-12-29 09:39:51 : info: [SERVICE] Saving video chunk for session session_1766981342765_tlbzbt5
2025-12-29 09:39:52 : info: [SERVICE] Saving video chunk for session session_1766981342765_tlbzbt5
2025-12-29 09:39:53 : info: [SERVICE] Saving audio chunk for session session_1766981342765_tlbzbt5
2025-12-29 09:39:53 : info: [SERVICE] Saving video chunk for session session_1766981342765_tlbzbt5
2025-12-29 09:39:55 : info: [SERVICE] Saving video chunk for session session_1766981342765_tlbzbt5
2025-12-29 09:39:55 : info: [SERVICE] Saving audio chunk for session session_1766981342765_tlbzbt5
2025-12-29 09:39:56 : info: [SERVICE] Saving video chunk for session session_1766981342765_tlbzbt5
2025-12-29 09:39:57 : info: [SERVICE] Saving video chunk for session session_1766981342765_tlbzbt5
2025-12-29 09:39:57 : info: [SERVICE] Saving audio chunk for session session_1766981342765_tlbzbt5
2025-12-29 09:39:58 : info: [SERVICE] Saving video chunk for session session_1766981342765_tlbzbt5
2025-12-29 09:39:59 : info: [SERVICE] Saving video chunk for session session_1766981342765_tlbzbt5
2025-12-29 09:39:59 : info: [SERVICE] Saving audio chunk for session session_1766981342765_tlbzbt5
2025-12-29 09:40:00 : info: [SERVICE] Saving video chunk for session session_1766981342765_tlbzbt5
2025-12-29 09:40:01 : info: [SERVICE] Saving video chunk for session session_1766981342765_tlbzbt5
2025-12-29 09:40:01 : info: [SERVICE] Saving audio chunk for session session_1766981342765_tlbzbt5
2025-12-29 09:40:03 : info: [SERVICE] Saving video chunk for session session_1766981342765_tlbzbt5
2025-12-29 09:40:03 : info: [SERVICE] Saving audio chunk for session session_1766981342765_tlbzbt5
2025-12-29 09:40:04 : info: [SERVICE] Saving video chunk for session session_1766981342765_tlbzbt5
2025-12-29 09:40:04 : info: [Recording Controller] 🏁 Finalizing session (Eager Flow): session_1766981342765_tlbzbt5
2025-12-29 09:40:04 : info: [SERVICE] Finalizing recording for session (S3 only): session_1766981342765_tlbzbt5
2025-12-29 09:40:06 : info: [S3 Service] Successfully uploaded recordings/session_1766981342765_tlbzbt5/video.webm to S3
2025-12-29 09:40:07 : info: [S3 Service] Successfully uploaded recordings/session_1766981342765_tlbzbt5/audio.webm to S3
2025-12-29 09:40:07 : info: [S3 Service] Successfully uploaded metadata/session_1766981342765_tlbzbt5.json to S3
2025-12-29 09:40:07 : info: [S3 Service] Successfully uploaded events/session_1766981342765_tlbzbt5.json to S3
2025-12-29 09:40:07 : info: [S3 Service] Successfully deleted temp-events/session_1766981342765_tlbzbt5.json from S3
2025-12-29 09:40:07 : warn: [Frontend Service] No client connected for session: session_1766981342765_tlbzbt5. Buffering video.
2025-12-29 09:40:07 : info: [Frontend Service] Buffered video message for session: session_1766981342765_tlbzbt5. Queue size: 1
2025-12-29 09:40:07 : warn: [Frontend Service] No client connected for session: session_1766981342765_tlbzbt5. Buffering audio.
2025-12-29 09:40:07 : info: [Frontend Service] Buffered audio message for session: session_1766981342765_tlbzbt5. Queue size: 2
2025-12-29 09:40:07 : info: [Recording Controller] 🤖 Starting Background AI Processing for: session_1766981342765_tlbzbt5
2025-12-29 09:40:07 : info: [Recording Controller] Transcribing audio file for session: session_1766981342765_tlbzbt5
2025-12-29 09:40:07 : info: [Deepgram] Transcribing file: D:\Code\FullStack\Clueso_Node_layer\src\uploads\audio_session_1766981342765_tlbzbt5.webm
2025-12-29 09:40:07 : info: [Deepgram] Building transcription options
2025-12-29 09:40:08 : info: [Frontend Service] Client connected: 6YyptU53o7eDmIMaAAAr
2025-12-29 09:40:08 : info: [Frontend Service] Client 6YyptU53o7eDmIMaAAAr registered for session: session_1766981342765_tlbzbt5
2025-12-29 09:40:08 : info: [Frontend Service] Flushing 2 buffered messages for session: session_1766981342765_tlbzbt5
2025-12-29 09:40:08 : info: [Frontend Service] Sending buffered video to session: session_1766981342765_tlbzbt5
2025-12-29 09:40:08 : info: [Frontend Service] Sending buffered audio to session: session_1766981342765_tlbzbt5
2025-12-29 09:40:10 : info: [Frontend Service] Unregistered client disconnected: fEzTmWDVjPF6O_s9AAAp
2025-12-29 09:40:11 : info: [Deepgram] File transcription complete
2025-12-29 09:40:11 : info: [Deepgram] Formatting result
2025-12-29 09:40:11 : info: [Deepgram] Saved full response to: D:\Code\FullStack\Clueso_Node_layer\deepgram_sessions\deepgram_session_1766981342765_tlbzbt5.json
2025-12-29 09:40:11 : info: [Deepgram] Final timeline built with
2025-12-29 09:40:11 : info: [S3 Service] Successfully uploaded recordings/session_1766981342765_tlbzbt5/deepgram.json to S3
2025-12-29 09:40:11 : info: [S3 Service] Successfully uploaded metadata/session_1766981342765_tlbzbt5.json to S3
2025-12-29 09:40:11 : info: [SERVICE] Deepgram status and duration updated in S3 for session: session_1766981342765_tlbzbt5
2025-12-29 09:40:11 : info: [Python Controller] Processing with AI:
2025-12-29 09:40:11 : info: [Python Controller] - Text: "This is my product data. It's letting you to deploy or basically store your files as repository. Let..."
2025-12-29 09:40:11 : info: [Python Controller] - DOM Events: 60
2025-12-29 09:40:11 : info: [Python Controller] - Has Deepgram Response: true
2025-12-29 09:40:11 : info: [Python Controller] - Audio Path: D:\Code\FullStack\Clueso_Node_layer\src\uploads\audio_session_1766981342765_tlbzbt5.webm
2025-12-29 09:40:11 : info: [Python Controller] - Session ID: session_1766981342765_tlbzbt5
2025-12-29 09:40:11 : info: [Python Service] Sending session reference session_1766981342765_tlbzbt5 to Python layer
2025-12-29 09:40:41 : info: [Python Service] Successfully received response from Python layer
2025-12-29 09:40:41 : info: [Python Controller] Successfully received response from Python layer
2025-12-29 09:40:41 : info: [Python Controller] Python response:
2025-12-29 09:40:41 : info: [Python Controller] Broadcasting consolidated results to frontend (6 inst, 2 effects, 4 narrations)
2025-12-29 09:40:41 : info: [Frontend Service] Sending Python-processed instructions to session: session_1766981342765_tlbzbt5
2025-12-29 09:40:41 : info: [Python Controller] Broadcasting audio from Python: http://localhost:8000/https://s3.ap-south-1.amazonaws.com/cdn.vocallabs.ai/recordings/session_1766981342765_tlbzbt5/processed_audio.webm?X-Amz-Algorithm=AWS4-HMAC-SHA256&X-Amz-Checksum-Mode=ENABLED&X-Amz-Credential=AKIAUJ3VUUAO7GICQNEK%2F20251229%2Fap-south-1%2Fs3%2Faws4_request&X-Amz-Date=20251229T041041Z&X-Amz-Expires=86400&X-Amz-SignedHeaders=host&x-id=GetObject&X-Amz-Signature=bc87ec24efd0fef7b2263ded785f536d3c780ff97e454be80e4ec28d469dc2c3
2025-12-29 09:40:41 : info: [Frontend Service] Sending audio to session: session_1766981342765_tlbzbt5
2025-12-29 09:40:41 : info: [Recording Controller] ✅ Background AI processing completed for session: session_1766981342765_tlbzbt5
2025-12-29 09:56:02 : info: [Frontend Service] Client disconnected and removed from session: session_1766981342765_tlbzbt5
2025-12-29 09:57:27 : info: [SERVICE] Saving video chunk for session session_1766982441984_e3y3bw9
2025-12-29 09:57:28 : info: [S3 Service] Successfully uploaded temp-events/session_1766982441984_e3y3bw9.json to S3
2025-12-29 09:57:28 : info: [SERVICE] Appended 1 events to S3 temp and memory for session: session_1766982441984_e3y3bw9
2025-12-29 09:57:28 : info: [S3 Service] Successfully uploaded temp-events/session_1766982441984_e3y3bw9.json to S3
2025-12-29 09:57:28 : info: [SERVICE] Appended 4 events to S3 temp and memory for session: session_1766982441984_e3y3bw9
2025-12-29 09:57:28 : info: [S3 Service] Successfully uploaded temp-events/session_1766982441984_e3y3bw9.json to S3
2025-12-29 09:57:28 : info: [SERVICE] Appended 2 events to S3 temp and memory for session: session_1766982441984_e3y3bw9
2025-12-29 09:57:28 : info: [SERVICE] Saving audio chunk for session session_1766982441984_e3y3bw9
2025-12-29 09:57:28 : info: [S3 Service] Successfully uploaded temp-events/session_1766982441984_e3y3bw9.json to S3
2025-12-29 09:57:28 : info: [SERVICE] Appended 1 events to S3 temp and memory for session: session_1766982441984_e3y3bw9
2025-12-29 09:57:28 : info: [SERVICE] Saving video chunk for session session_1766982441984_e3y3bw9
2025-12-29 09:57:29 : info: [S3 Service] Successfully uploaded temp-events/session_1766982441984_e3y3bw9.json to S3
2025-12-29 09:57:29 : info: [SERVICE] Appended 6 events to S3 temp and memory for session: session_1766982441984_e3y3bw9
2025-12-29 09:57:30 : info: [SERVICE] Saving audio chunk for session session_1766982441984_e3y3bw9
2025-12-29 09:57:30 : info: [SERVICE] Saving video chunk for session session_1766982441984_e3y3bw9
2025-12-29 09:57:32 : info: [SERVICE] Saving audio chunk for session session_1766982441984_e3y3bw9
2025-12-29 09:57:32 : info: [SERVICE] Saving video chunk for session session_1766982441984_e3y3bw9
2025-12-29 09:57:32 : info: [S3 Service] Successfully uploaded temp-events/session_1766982441984_e3y3bw9.json to S3
2025-12-29 09:57:32 : info: [SERVICE] Appended 5 events to S3 temp and memory for session: session_1766982441984_e3y3bw9
2025-12-29 09:57:33 : info: [S3 Service] Successfully uploaded temp-events/session_1766982441984_e3y3bw9.json to S3
2025-12-29 09:57:33 : info: [SERVICE] Appended 2 events to S3 temp and memory for session: session_1766982441984_e3y3bw9
2025-12-29 09:57:33 : info: [S3 Service] Successfully uploaded temp-events/session_1766982441984_e3y3bw9.json to S3
2025-12-29 09:57:33 : info: [SERVICE] Appended 5 events to S3 temp and memory for session: session_1766982441984_e3y3bw9
2025-12-29 09:57:34 : info: [SERVICE] Saving video chunk for session session_1766982441984_e3y3bw9
2025-12-29 09:57:34 : info: [SERVICE] Saving audio chunk for session session_1766982441984_e3y3bw9
2025-12-29 09:57:35 : info: [SERVICE] Saving video chunk for session session_1766982441984_e3y3bw9
2025-12-29 09:57:35 : info: [S3 Service] Successfully uploaded temp-events/session_1766982441984_e3y3bw9.json to S3
2025-12-29 09:57:35 : info: [SERVICE] Appended 1 events to S3 temp and memory for session: session_1766982441984_e3y3bw9
2025-12-29 09:57:36 : info: [SERVICE] Saving video chunk for session session_1766982441984_e3y3bw9
2025-12-29 09:57:36 : info: [SERVICE] Saving audio chunk for session session_1766982441984_e3y3bw9
2025-12-29 09:57:37 : info: [SERVICE] Saving video chunk for session session_1766982441984_e3y3bw9
2025-12-29 09:57:38 : info: [SERVICE] Saving video chunk for session session_1766982441984_e3y3bw9
2025-12-29 09:57:38 : info: [SERVICE] Saving audio chunk for session session_1766982441984_e3y3bw9
2025-12-29 09:57:39 : info: [SERVICE] Saving video chunk for session session_1766982441984_e3y3bw9
2025-12-29 09:57:40 : info: [SERVICE] Saving video chunk for session session_1766982441984_e3y3bw9
2025-12-29 09:57:40 : info: [SERVICE] Saving audio chunk for session session_1766982441984_e3y3bw9
2025-12-29 09:57:41 : info: [SERVICE] Saving video chunk for session session_1766982441984_e3y3bw9
2025-12-29 09:57:42 : info: [SERVICE] Saving video chunk for session session_1766982441984_e3y3bw9
2025-12-29 09:57:42 : info: [SERVICE] Saving audio chunk for session session_1766982441984_e3y3bw9
2025-12-29 09:57:43 : info: [SERVICE] Saving video chunk for session session_1766982441984_e3y3bw9
2025-12-29 09:57:44 : info: [SERVICE] Saving audio chunk for session session_1766982441984_e3y3bw9
2025-12-29 09:57:44 : info: [SERVICE] Saving video chunk for session session_1766982441984_e3y3bw9
2025-12-29 09:57:46 : info: [SERVICE] Saving video chunk for session session_1766982441984_e3y3bw9
2025-12-29 09:57:46 : info: [SERVICE] Saving audio chunk for session session_1766982441984_e3y3bw9
2025-12-29 09:57:47 : info: [SERVICE] Saving video chunk for session session_1766982441984_e3y3bw9
2025-12-29 09:57:48 : info: [SERVICE] Saving video chunk for session session_1766982441984_e3y3bw9
2025-12-29 09:57:48 : info: [SERVICE] Saving audio chunk for session session_1766982441984_e3y3bw9
2025-12-29 09:57:49 : info: [SERVICE] Saving video chunk for session session_1766982441984_e3y3bw9
2025-12-29 09:57:50 : info: [SERVICE] Saving video chunk for session session_1766982441984_e3y3bw9
2025-12-29 09:57:50 : info: [SERVICE] Saving audio chunk for session session_1766982441984_e3y3bw9
2025-12-29 09:57:51 : info: [SERVICE] Saving video chunk for session session_1766982441984_e3y3bw9
2025-12-29 09:57:52 : info: [SERVICE] Saving video chunk for session session_1766982441984_e3y3bw9
2025-12-29 09:57:52 : info: [SERVICE] Saving audio chunk for session session_1766982441984_e3y3bw9
2025-12-29 09:57:54 : info: [SERVICE] Saving video chunk for session session_1766982441984_e3y3bw9
2025-12-29 09:57:54 : info: [SERVICE] Saving audio chunk for session session_1766982441984_e3y3bw9
2025-12-29 09:57:55 : info: [SERVICE] Saving video chunk for session session_1766982441984_e3y3bw9
2025-12-29 09:57:56 : info: [SERVICE] Saving video chunk for session session_1766982441984_e3y3bw9
2025-12-29 09:57:56 : info: [SERVICE] Saving audio chunk for session session_1766982441984_e3y3bw9
2025-12-29 09:57:57 : info: [SERVICE] Saving video chunk for session session_1766982441984_e3y3bw9
2025-12-29 09:57:58 : info: [SERVICE] Saving video chunk for session session_1766982441984_e3y3bw9
2025-12-29 09:57:59 : info: [SERVICE] Saving audio chunk for session session_1766982441984_e3y3bw9
2025-12-29 09:58:00 : info: [SERVICE] Saving video chunk for session session_1766982441984_e3y3bw9
2025-12-29 09:58:01 : info: [SERVICE] Saving audio chunk for session session_1766982441984_e3y3bw9
2025-12-29 09:58:01 : info: [SERVICE] Saving video chunk for session session_1766982441984_e3y3bw9
2025-12-29 09:58:02 : info: [SERVICE] Saving video chunk for session session_1766982441984_e3y3bw9
2025-12-29 09:58:03 : info: [SERVICE] Saving audio chunk for session session_1766982441984_e3y3bw9
2025-12-29 09:58:03 : info: [SERVICE] Saving video chunk for session session_1766982441984_e3y3bw9
2025-12-29 09:58:04 : info: [SERVICE] Saving video chunk for session session_1766982441984_e3y3bw9
2025-12-29 09:58:05 : info: [SERVICE] Saving audio chunk for session session_1766982441984_e3y3bw9
2025-12-29 09:58:06 : info: [SERVICE] Saving video chunk for session session_1766982441984_e3y3bw9
2025-12-29 09:58:07 : info: [SERVICE] Saving audio chunk for session session_1766982441984_e3y3bw9
2025-12-29 09:58:07 : info: [SERVICE] Saving video chunk for session session_1766982441984_e3y3bw9
2025-12-29 09:58:08 : info: [SERVICE] Saving video chunk for session session_1766982441984_e3y3bw9
2025-12-29 09:58:09 : info: [SERVICE] Saving audio chunk for session session_1766982441984_e3y3bw9
2025-12-29 09:58:09 : info: [SERVICE] Saving video chunk for session session_1766982441984_e3y3bw9
2025-12-29 09:58:10 : info: [SERVICE] Saving video chunk for session session_1766982441984_e3y3bw9
2025-12-29 09:58:11 : info: [SERVICE] Saving audio chunk for session session_1766982441984_e3y3bw9
2025-12-29 09:58:11 : info: [SERVICE] Saving video chunk for session session_1766982441984_e3y3bw9
2025-12-29 09:58:12 : info: [SERVICE] Saving video chunk for session session_1766982441984_e3y3bw9
2025-12-29 09:58:13 : info: [SERVICE] Saving audio chunk for session session_1766982441984_e3y3bw9
2025-12-29 09:58:13 : info: [SERVICE] Saving video chunk for session session_1766982441984_e3y3bw9
2025-12-29 09:58:14 : info: [SERVICE] Saving video chunk for session session_1766982441984_e3y3bw9
2025-12-29 09:58:15 : info: [SERVICE] Saving audio chunk for session session_1766982441984_e3y3bw9
2025-12-29 09:58:15 : info: [SERVICE] Saving video chunk for session session_1766982441984_e3y3bw9
2025-12-29 09:58:17 : info: [SERVICE] Saving video chunk for session session_1766982441984_e3y3bw9
2025-12-29 09:58:17 : info: [SERVICE] Saving audio chunk for session session_1766982441984_e3y3bw9
2025-12-29 09:58:18 : info: [SERVICE] Saving video chunk for session session_1766982441984_e3y3bw9
2025-12-29 09:58:19 : info: [SERVICE] Saving video chunk for session session_1766982441984_e3y3bw9
2025-12-29 09:58:19 : info: [SERVICE] Saving audio chunk for session session_1766982441984_e3y3bw9
2025-12-29 09:58:20 : info: [SERVICE] Saving video chunk for session session_1766982441984_e3y3bw9
2025-12-29 09:58:21 : info: [SERVICE] Saving video chunk for session session_1766982441984_e3y3bw9
2025-12-29 09:58:21 : info: [SERVICE] Saving audio chunk for session session_1766982441984_e3y3bw9
2025-12-29 09:58:22 : info: [SERVICE] Saving video chunk for session session_1766982441984_e3y3bw9
2025-12-29 09:58:23 : info: [SERVICE] Saving video chunk for session session_1766982441984_e3y3bw9
2025-12-29 09:58:23 : info: [SERVICE] Saving audio chunk for session session_1766982441984_e3y3bw9
2025-12-29 09:58:24 : info: [SERVICE] Saving video chunk for session session_1766982441984_e3y3bw9
2025-12-29 09:58:25 : info: [SERVICE] Saving video chunk for session session_1766982441984_e3y3bw9
2025-12-29 09:58:25 : info: [SERVICE] Saving audio chunk for session session_1766982441984_e3y3bw9
2025-12-29 09:58:26 : info: [SERVICE] Saving video chunk for session session_1766982441984_e3y3bw9
2025-12-29 09:58:27 : info: [Recording Controller] 🏁 Finalizing session (Eager Flow): session_1766982441984_e3y3bw9
2025-12-29 09:58:27 : info: [SERVICE] Finalizing recording for session (S3 only): session_1766982441984_e3y3bw9
2025-12-29 09:58:28 : info: [S3 Service] Successfully uploaded recordings/session_1766982441984_e3y3bw9/video.webm to S3
2025-12-29 09:58:30 : info: [S3 Service] Successfully uploaded recordings/session_1766982441984_e3y3bw9/audio.webm to S3
2025-12-29 09:58:30 : info: [S3 Service] Successfully uploaded metadata/session_1766982441984_e3y3bw9.json to S3
2025-12-29 09:58:30 : info: [S3 Service] Successfully uploaded events/session_1766982441984_e3y3bw9.json to S3
2025-12-29 09:58:30 : info: [S3 Service] Successfully deleted temp-events/session_1766982441984_e3y3bw9.json from S3
2025-12-29 09:58:30 : warn: [Frontend Service] No client connected for session: session_1766982441984_e3y3bw9. Buffering video.
2025-12-29 09:58:30 : info: [Frontend Service] Buffered video message for session: session_1766982441984_e3y3bw9. Queue size: 1
2025-12-29 09:58:30 : warn: [Frontend Service] No client connected for session: session_1766982441984_e3y3bw9. Buffering audio.
2025-12-29 09:58:30 : info: [Frontend Service] Buffered audio message for session: session_1766982441984_e3y3bw9. Queue size: 2
2025-12-29 09:58:30 : info: [Recording Controller] 🤖 Starting Background AI Processing for: session_1766982441984_e3y3bw9
2025-12-29 09:58:30 : info: [Recording Controller] Transcribing audio file for session: session_1766982441984_e3y3bw9
2025-12-29 09:58:30 : info: [Deepgram] Transcribing file: D:\Code\FullStack\Clueso_Node_layer\src\uploads\audio_session_1766982441984_e3y3bw9.webm
2025-12-29 09:58:30 : info: [Deepgram] Building transcription options
2025-12-29 09:58:32 : info: [Frontend Service] Client connected: yodSciHsb4TsMYQWAAAt
2025-12-29 09:58:32 : info: [Frontend Service] Client yodSciHsb4TsMYQWAAAt registered for session: session_1766982441984_e3y3bw9
2025-12-29 09:58:32 : info: [Frontend Service] Flushing 2 buffered messages for session: session_1766982441984_e3y3bw9
2025-12-29 09:58:32 : info: [Frontend Service] Sending buffered video to session: session_1766982441984_e3y3bw9
2025-12-29 09:58:32 : info: [Frontend Service] Sending buffered audio to session: session_1766982441984_e3y3bw9
2025-12-29 09:58:35 : info: [Deepgram] File transcription complete
2025-12-29 09:58:35 : info: [Deepgram] Formatting result
2025-12-29 09:58:35 : info: [Deepgram] Saved full response to: D:\Code\FullStack\Clueso_Node_layer\deepgram_sessions\deepgram_session_1766982441984_e3y3bw9.json
2025-12-29 09:58:35 : info: [Deepgram] Final timeline built with
2025-12-29 09:58:35 : info: [S3 Service] Successfully uploaded recordings/session_1766982441984_e3y3bw9/deepgram.json to S3
2025-12-29 09:58:35 : info: [S3 Service] Successfully uploaded metadata/session_1766982441984_e3y3bw9.json to S3
2025-12-29 09:58:35 : info: [SERVICE] Deepgram status and duration updated in S3 for session: session_1766982441984_e3y3bw9
2025-12-29 09:58:35 : info: [Python Controller] Processing with AI:
2025-12-29 09:58:35 : info: [Python Controller] - Text: "So this is my project, GitHub. It takes your local files and, uh, projects and store them in reposit..."
2025-12-29 09:58:35 : info: [Python Controller] - DOM Events: 27
2025-12-29 09:58:35 : info: [Python Controller] - Has Deepgram Response: true
2025-12-29 09:58:35 : info: [Python Controller] - Audio Path: D:\Code\FullStack\Clueso_Node_layer\src\uploads\audio_session_1766982441984_e3y3bw9.webm
2025-12-29 09:58:35 : info: [Python Controller] - Session ID: session_1766982441984_e3y3bw9
2025-12-29 09:58:35 : info: [Python Service] Sending session reference session_1766982441984_e3y3bw9 to Python layer
2025-12-29 09:59:12 : info: [Python Service] Successfully received response from Python layer
2025-12-29 09:59:12 : info: [Python Controller] Successfully received response from Python layer
2025-12-29 09:59:12 : info: [Python Controller] Python response:
2025-12-29 09:59:12 : info: [Python Controller] Broadcasting consolidated results to frontend (4 inst, 2 effects, 7 narrations)
2025-12-29 09:59:12 : info: [Frontend Service] Sending Python-processed instructions to session: session_1766982441984_e3y3bw9
2025-12-29 09:59:12 : info: [Python Controller] Broadcasting audio from Python: http://localhost:8000/https://s3.ap-south-1.amazonaws.com/cdn.vocallabs.ai/recordings/session_1766982441984_e3y3bw9/processed_audio.webm?X-Amz-Algorithm=AWS4-HMAC-SHA256&X-Amz-Checksum-Mode=ENABLED&X-Amz-Credential=AKIAUJ3VUUAO7GICQNEK%2F20251229%2Fap-south-1%2Fs3%2Faws4_request&X-Amz-Date=20251229T042912Z&X-Amz-Expires=86400&X-Amz-SignedHeaders=host&x-id=GetObject&X-Amz-Signature=88150bb5a5dfad5a2eebe0062d73f701f3ca34fd3e4e95b35ed4b36071e77c2e
2025-12-29 09:59:12 : info: [Frontend Service] Sending audio to session: session_1766982441984_e3y3bw9
2025-12-29 09:59:12 : info: [Recording Controller] ✅ Background AI processing completed for session: session_1766982441984_e3y3bw9
2025-12-29 10:19:05 : info: [Frontend Service] Client connected: rK0butaOxPUnkcH1AAAv
2025-12-29 10:19:05 : warn: [Frontend Service] Session session_1766982441984_e3y3bw9 already has a client, disconnecting old client
2025-12-29 10:19:05 : info: [Frontend Service] Client disconnected and removed from session: session_1766982441984_e3y3bw9
2025-12-29 10:19:05 : info: [Frontend Service] Client rK0butaOxPUnkcH1AAAv registered for session: session_1766982441984_e3y3bw9
2025-12-29 10:20:48 : info: [Frontend Service] Client disconnected and removed from session: session_1766982441984_e3y3bw9
2025-12-29 10:26:16 : info: [SERVICE] Saving video chunk for session session_1766984172094_zhx1d8q
2025-12-29 10:26:16 : info: [S3 Service] Successfully uploaded temp-events/session_1766984172094_zhx1d8q.json to S3
2025-12-29 10:26:16 : info: [SERVICE] Appended 1 events to S3 temp and memory for session: session_1766984172094_zhx1d8q
2025-12-29 10:26:16 : info: [S3 Service] Successfully uploaded temp-events/session_1766984172094_zhx1d8q.json to S3
2025-12-29 10:26:16 : info: [SERVICE] Appended 6 events to S3 temp and memory for session: session_1766984172094_zhx1d8q
2025-12-29 10:26:16 : info: [S3 Service] Successfully uploaded temp-events/session_1766984172094_zhx1d8q.json to S3
2025-12-29 10:26:16 : info: [SERVICE] Appended 3 events to S3 temp and memory for session: session_1766984172094_zhx1d8q
2025-12-29 10:26:16 : info: [S3 Service] Successfully uploaded temp-events/session_1766984172094_zhx1d8q.json to S3
2025-12-29 10:26:16 : info: [SERVICE] Appended 4 events to S3 temp and memory for session: session_1766984172094_zhx1d8q
2025-12-29 10:26:17 : info: [S3 Service] Successfully uploaded temp-events/session_1766984172094_zhx1d8q.json to S3
2025-12-29 10:26:17 : info: [SERVICE] Appended 8 events to S3 temp and memory for session: session_1766984172094_zhx1d8q
2025-12-29 10:26:17 : info: [SERVICE] Saving audio chunk for session session_1766984172094_zhx1d8q
2025-12-29 10:26:17 : info: [SERVICE] Saving video chunk for session session_1766984172094_zhx1d8q
2025-12-29 10:26:18 : info: [SERVICE] Saving video chunk for session session_1766984172094_zhx1d8q
2025-12-29 10:26:19 : info: [SERVICE] Saving audio chunk for session session_1766984172094_zhx1d8q
2025-12-29 10:26:20 : info: [SERVICE] Saving video chunk for session session_1766984172094_zhx1d8q
2025-12-29 10:26:21 : info: [SERVICE] Saving audio chunk for session session_1766984172094_zhx1d8q
2025-12-29 10:26:21 : info: [SERVICE] Saving video chunk for session session_1766984172094_zhx1d8q
2025-12-29 10:26:21 : info: [S3 Service] Successfully uploaded temp-events/session_1766984172094_zhx1d8q.json to S3
2025-12-29 10:26:21 : info: [SERVICE] Appended 1 events to S3 temp and memory for session: session_1766984172094_zhx1d8q
2025-12-29 10:26:22 : info: [SERVICE] Saving video chunk for session session_1766984172094_zhx1d8q
2025-12-29 10:26:23 : info: [SERVICE] Saving audio chunk for session session_1766984172094_zhx1d8q
2025-12-29 10:26:23 : info: [SERVICE] Saving video chunk for session session_1766984172094_zhx1d8q
2025-12-29 10:26:24 : info: [SERVICE] Saving video chunk for session session_1766984172094_zhx1d8q
2025-12-29 10:26:25 : info: [SERVICE] Saving audio chunk for session session_1766984172094_zhx1d8q
2025-12-29 10:26:25 : info: [SERVICE] Saving video chunk for session session_1766984172094_zhx1d8q
2025-12-29 10:26:27 : info: [SERVICE] Saving video chunk for session session_1766984172094_zhx1d8q
2025-12-29 10:26:27 : info: [SERVICE] Saving audio chunk for session session_1766984172094_zhx1d8q
2025-12-29 10:26:28 : info: [SERVICE] Saving video chunk for session session_1766984172094_zhx1d8q
2025-12-29 10:26:29 : info: [SERVICE] Saving video chunk for session session_1766984172094_zhx1d8q
2025-12-29 10:26:29 : info: [SERVICE] Saving audio chunk for session session_1766984172094_zhx1d8q
2025-12-29 10:26:30 : info: [SERVICE] Saving video chunk for session session_1766984172094_zhx1d8q
2025-12-29 10:26:31 : info: [SERVICE] Saving audio chunk for session session_1766984172094_zhx1d8q
2025-12-29 10:26:31 : info: [SERVICE] Saving video chunk for session session_1766984172094_zhx1d8q
2025-12-29 10:26:32 : info: [SERVICE] Saving video chunk for session session_1766984172094_zhx1d8q
2025-12-29 10:26:33 : info: [SERVICE] Saving audio chunk for session session_1766984172094_zhx1d8q
2025-12-29 10:26:33 : info: [SERVICE] Saving video chunk for session session_1766984172094_zhx1d8q
2025-12-29 10:26:35 : info: [SERVICE] Saving video chunk for session session_1766984172094_zhx1d8q
2025-12-29 10:26:35 : info: [SERVICE] Saving audio chunk for session session_1766984172094_zhx1d8q
2025-12-29 10:26:36 : info: [SERVICE] Saving video chunk for session session_1766984172094_zhx1d8q
2025-12-29 10:26:37 : info: [SERVICE] Saving video chunk for session session_1766984172094_zhx1d8q
2025-12-29 10:26:37 : info: [SERVICE] Saving audio chunk for session session_1766984172094_zhx1d8q
2025-12-29 10:26:38 : info: [SERVICE] Saving video chunk for session session_1766984172094_zhx1d8q
2025-12-29 10:26:39 : info: [SERVICE] Saving video chunk for session session_1766984172094_zhx1d8q
2025-12-29 10:26:39 : info: [SERVICE] Saving audio chunk for session session_1766984172094_zhx1d8q
2025-12-29 10:26:40 : info: [SERVICE] Saving video chunk for session session_1766984172094_zhx1d8q
2025-12-29 10:26:41 : info: [SERVICE] Saving video chunk for session session_1766984172094_zhx1d8q
2025-12-29 10:26:41 : info: [SERVICE] Saving audio chunk for session session_1766984172094_zhx1d8q
2025-12-29 10:26:42 : info: [SERVICE] Saving video chunk for session session_1766984172094_zhx1d8q
2025-12-29 10:26:43 : info: [SERVICE] Saving video chunk for session session_1766984172094_zhx1d8q
2025-12-29 10:26:43 : info: [SERVICE] Saving audio chunk for session session_1766984172094_zhx1d8q
2025-12-29 10:26:44 : info: [SERVICE] Saving video chunk for session session_1766984172094_zhx1d8q
2025-12-29 10:26:45 : info: [SERVICE] Saving video chunk for session session_1766984172094_zhx1d8q
2025-12-29 10:26:45 : info: [SERVICE] Saving audio chunk for session session_1766984172094_zhx1d8q
2025-12-29 10:26:46 : info: [SERVICE] Saving video chunk for session session_1766984172094_zhx1d8q
2025-12-29 10:26:47 : info: [SERVICE] Saving video chunk for session session_1766984172094_zhx1d8q
2025-12-29 10:26:47 : info: [SERVICE] Saving audio chunk for session session_1766984172094_zhx1d8q
2025-12-29 10:26:48 : info: [SERVICE] Saving video chunk for session session_1766984172094_zhx1d8q
2025-12-29 10:26:49 : info: [SERVICE] Saving audio chunk for session session_1766984172094_zhx1d8q
2025-12-29 10:26:49 : info: [SERVICE] Saving video chunk for session session_1766984172094_zhx1d8q
2025-12-29 10:26:50 : info: [SERVICE] Saving video chunk for session session_1766984172094_zhx1d8q
2025-12-29 10:26:51 : info: [SERVICE] Saving audio chunk for session session_1766984172094_zhx1d8q
2025-12-29 10:26:51 : info: [SERVICE] Saving video chunk for session session_1766984172094_zhx1d8q
2025-12-29 10:26:53 : info: [SERVICE] Saving video chunk for session session_1766984172094_zhx1d8q
2025-12-29 10:26:53 : info: [Recording Controller] 🏁 Finalizing session (Eager Flow): session_1766984172094_zhx1d8q
2025-12-29 10:26:53 : info: [SERVICE] Finalizing recording for session (S3 only): session_1766984172094_zhx1d8q
2025-12-29 10:26:55 : info: [S3 Service] Successfully uploaded recordings/session_1766984172094_zhx1d8q/video.webm to S3
2025-12-29 10:26:55 : info: [S3 Service] Successfully uploaded recordings/session_1766984172094_zhx1d8q/audio.webm to S3
2025-12-29 10:26:55 : info: [S3 Service] Successfully uploaded metadata/session_1766984172094_zhx1d8q.json to S3
2025-12-29 10:26:56 : info: [S3 Service] Successfully uploaded events/session_1766984172094_zhx1d8q.json to S3
2025-12-29 10:26:56 : info: [S3 Service] Successfully deleted temp-events/session_1766984172094_zhx1d8q.json from S3
2025-12-29 10:26:56 : warn: [Frontend Service] No client connected for session: session_1766984172094_zhx1d8q. Buffering video.
2025-12-29 10:26:56 : info: [Frontend Service] Buffered video message for session: session_1766984172094_zhx1d8q. Queue size: 1
2025-12-29 10:26:56 : warn: [Frontend Service] No client connected for session: session_1766984172094_zhx1d8q. Buffering audio.
2025-12-29 10:26:56 : info: [Frontend Service] Buffered audio message for session: session_1766984172094_zhx1d8q. Queue size: 2
2025-12-29 10:26:56 : info: [Recording Controller] 🤖 Starting Background AI Processing for: session_1766984172094_zhx1d8q
2025-12-29 10:26:56 : info: [Recording Controller] Transcribing audio file for session: session_1766984172094_zhx1d8q
2025-12-29 10:26:56 : info: [Deepgram] Transcribing file: D:\Code\FullStack\Clueso_Node_layer\src\uploads\audio_session_1766984172094_zhx1d8q.webm
2025-12-29 10:26:56 : info: [Deepgram] Building transcription options
2025-12-29 10:26:57 : info: [Frontend Service] Client connected: 1zprE3YfciYS0156AAAx
2025-12-29 10:26:57 : info: [Frontend Service] Client 1zprE3YfciYS0156AAAx registered for session: session_1766984172094_zhx1d8q
2025-12-29 10:26:57 : info: [Frontend Service] Flushing 2 buffered messages for session: session_1766984172094_zhx1d8q
2025-12-29 10:26:57 : info: [Frontend Service] Sending buffered video to session: session_1766984172094_zhx1d8q
2025-12-29 10:26:57 : info: [Frontend Service] Sending buffered audio to session: session_1766984172094_zhx1d8q
2025-12-29 10:26:59 : info: [Deepgram] File transcription complete
2025-12-29 10:26:59 : info: [Deepgram] Formatting result
2025-12-29 10:26:59 : info: [Deepgram] Saved full response to: D:\Code\FullStack\Clueso_Node_layer\deepgram_sessions\deepgram_session_1766984172094_zhx1d8q.json
2025-12-29 10:26:59 : info: [Deepgram] Final timeline built with
2025-12-29 10:26:59 : info: [S3 Service] Successfully uploaded recordings/session_1766984172094_zhx1d8q/deepgram.json to S3
2025-12-29 10:27:00 : info: [S3 Service] Successfully uploaded metadata/session_1766984172094_zhx1d8q.json to S3
2025-12-29 10:27:00 : info: [SERVICE] Deepgram status and duration updated in S3 for session: session_1766984172094_zhx1d8q
2025-12-29 10:27:00 : info: [Python Controller] Processing with AI:
2025-12-29 10:27:00 : info: [Python Controller] - Text: "This is yet another recording. This is our project, GitHub. You can deploy your local as repositorie..."
2025-12-29 10:27:00 : info: [Python Controller] - DOM Events: 23
2025-12-29 10:27:00 : info: [Python Controller] - Has Deepgram Response: true
2025-12-29 10:27:00 : info: [Python Controller] - Audio Path: D:\Code\FullStack\Clueso_Node_layer\src\uploads\audio_session_1766984172094_zhx1d8q.webm
2025-12-29 10:27:00 : info: [Python Controller] - Session ID: session_1766984172094_zhx1d8q
2025-12-29 10:27:00 : info: [Python Service] Sending session reference session_1766984172094_zhx1d8q to Python layer
2025-12-29 10:27:27 : info: [Python Service] Successfully received response from Python layer
2025-12-29 10:27:27 : info: [Python Controller] Successfully received response from Python layer
2025-12-29 10:27:27 : info: [Python Controller] Python response:
2025-12-29 10:27:27 : info: [Python Controller] Broadcasting consolidated results to frontend (3 inst, 2 effects, 4 narrations)
2025-12-29 10:27:27 : info: [Frontend Service] Sending Python-processed instructions to session: session_1766984172094_zhx1d8q
2025-12-29 10:27:27 : info: [Python Controller] Broadcasting audio from Python: http://localhost:8000/https://s3.ap-south-1.amazonaws.com/cdn.vocallabs.ai/recordings/session_1766984172094_zhx1d8q/processed_audio.webm?X-Amz-Algorithm=AWS4-HMAC-SHA256&X-Amz-Checksum-Mode=ENABLED&X-Amz-Credential=AKIAUJ3VUUAO7GICQNEK%2F20251229%2Fap-south-1%2Fs3%2Faws4_request&X-Amz-Date=20251229T045727Z&X-Amz-Expires=86400&X-Amz-SignedHeaders=host&x-id=GetObject&X-Amz-Signature=45eb9d6c91b13275bf22b260519de3ce51a7b16a87a03ffc87899b6bd91550cb
2025-12-29 10:27:27 : info: [Frontend Service] Sending audio to session: session_1766984172094_zhx1d8q
2025-12-29 10:27:27 : info: [Recording Controller] ✅ Background AI processing completed for session: session_1766984172094_zhx1d8q
2025-12-29 10:46:35 : info: [Frontend Service] Client disconnected and removed from session: session_1766984172094_zhx1d8q
2025-12-29 11:04:03 : info: [Frontend Service] Client connected: yqIuYtxACwdNFBLxAAAz
2025-12-29 11:16:08 : info: [Frontend Service] Unregistered client disconnected: yqIuYtxACwdNFBLxAAAz
2025-12-29 11:16:16 : info: [Frontend Service] Client connected: Bbd9x7LIUEY390pLAAA1
2025-12-29 11:20:21 : info: [Frontend Service] Unregistered client disconnected: Bbd9x7LIUEY390pLAAA1
2025-12-29 11:34:36 : info: [Deepgram] Client initialized
2025-12-29 11:34:36 : info: [Frontend Service] Socket.IO server initialized
2025-12-29 11:34:36 : info: Server started
2025-12-29 11:34:36 : info: Socket.IO server ready for frontend connections
2025-12-29 11:34:36 : info: [S3 Service] S3 Connected Successfully to bucket: cdn.vocallabs.ai
2025-12-29 11:39:01 : info: [SERVICE] Saving video chunk for session session_1766988536189_sd7u988
2025-12-29 11:39:02 : info: [SERVICE] Saving audio chunk for session session_1766988536189_sd7u988
2025-12-29 11:39:02 : info: [S3 Service] Successfully uploaded temp-events/session_1766988536189_sd7u988.json to S3
2025-12-29 11:39:02 : info: [SERVICE] Appended 1 events to S3 temp and memory for session: session_1766988536189_sd7u988
2025-12-29 11:39:03 : info: [SERVICE] Saving video chunk for session session_1766988536189_sd7u988
2025-12-29 11:39:04 : info: [S3 Service] Successfully uploaded temp-events/session_1766988536189_sd7u988.json to S3
2025-12-29 11:39:04 : info: [SERVICE] Appended 4 events to S3 temp and memory for session: session_1766988536189_sd7u988
2025-12-29 11:39:04 : info: [S3 Service] Successfully uploaded temp-events/session_1766988536189_sd7u988.json to S3
2025-12-29 11:39:04 : info: [SERVICE] Appended 2 events to S3 temp and memory for session: session_1766988536189_sd7u988
2025-12-29 11:39:04 : info: [SERVICE] Saving audio chunk for session session_1766988536189_sd7u988
2025-12-29 11:39:04 : info: [S3 Service] Successfully uploaded temp-events/session_1766988536189_sd7u988.json to S3
2025-12-29 11:39:04 : info: [SERVICE] Appended 4 events to S3 temp and memory for session: session_1766988536189_sd7u988
2025-12-29 11:39:04 : info: [SERVICE] Saving video chunk for session session_1766988536189_sd7u988
2025-12-29 11:39:06 : info: [SERVICE] Saving video chunk for session session_1766988536189_sd7u988
2025-12-29 11:39:06 : info: [SERVICE] Saving audio chunk for session session_1766988536189_sd7u988
2025-12-29 11:39:08 : info: [SERVICE] Saving video chunk for session session_1766988536189_sd7u988
2025-12-29 11:39:08 : info: [SERVICE] Saving video chunk for session session_1766988536189_sd7u988
2025-12-29 11:39:08 : info: [SERVICE] Saving audio chunk for session session_1766988536189_sd7u988
2025-12-29 11:39:08 : info: [S3 Service] Successfully uploaded temp-events/session_1766988536189_sd7u988.json to S3
2025-12-29 11:39:08 : info: [SERVICE] Appended 1 events to S3 temp and memory for session: session_1766988536189_sd7u988
2025-12-29 11:39:09 : info: [SERVICE] Saving video chunk for session session_1766988536189_sd7u988
2025-12-29 11:39:09 : info: [S3 Service] Successfully uploaded temp-events/session_1766988536189_sd7u988.json to S3
2025-12-29 11:39:09 : info: [SERVICE] Appended 1 events to S3 temp and memory for session: session_1766988536189_sd7u988
2025-12-29 11:39:10 : info: [SERVICE] Saving video chunk for session session_1766988536189_sd7u988
2025-12-29 11:39:10 : info: [SERVICE] Saving audio chunk for session session_1766988536189_sd7u988
2025-12-29 11:39:11 : info: [SERVICE] Saving video chunk for session session_1766988536189_sd7u988
2025-12-29 11:39:12 : info: [SERVICE] Saving video chunk for session session_1766988536189_sd7u988
2025-12-29 11:39:12 : info: [SERVICE] Saving audio chunk for session session_1766988536189_sd7u988
2025-12-29 11:39:13 : info: [SERVICE] Saving video chunk for session session_1766988536189_sd7u988
2025-12-29 11:39:14 : info: [SERVICE] Saving audio chunk for session session_1766988536189_sd7u988
2025-12-29 11:39:15 : info: [SERVICE] Saving video chunk for session session_1766988536189_sd7u988
2025-12-29 11:39:16 : info: [SERVICE] Saving video chunk for session session_1766988536189_sd7u988
2025-12-29 11:39:16 : info: [SERVICE] Saving audio chunk for session session_1766988536189_sd7u988
2025-12-29 11:39:17 : info: [SERVICE] Saving video chunk for session session_1766988536189_sd7u988
2025-12-29 11:39:18 : info: [SERVICE] Saving video chunk for session session_1766988536189_sd7u988
2025-12-29 11:39:19 : info: [SERVICE] Saving audio chunk for session session_1766988536189_sd7u988
2025-12-29 11:39:20 : info: [SERVICE] Saving video chunk for session session_1766988536189_sd7u988
2025-12-29 11:39:21 : info: [SERVICE] Saving audio chunk for session session_1766988536189_sd7u988
2025-12-29 11:39:21 : info: [SERVICE] Saving video chunk for session session_1766988536189_sd7u988
2025-12-29 11:39:22 : info: [SERVICE] Saving video chunk for session session_1766988536189_sd7u988
2025-12-29 11:39:23 : info: [SERVICE] Saving audio chunk for session session_1766988536189_sd7u988
2025-12-29 11:39:23 : info: [SERVICE] Saving video chunk for session session_1766988536189_sd7u988
2025-12-29 11:39:24 : info: [SERVICE] Saving video chunk for session session_1766988536189_sd7u988
2025-12-29 11:39:25 : info: [SERVICE] Saving audio chunk for session session_1766988536189_sd7u988
2025-12-29 11:39:25 : info: [SERVICE] Saving video chunk for session session_1766988536189_sd7u988
2025-12-29 11:39:26 : info: [SERVICE] Saving video chunk for session session_1766988536189_sd7u988
2025-12-29 11:39:27 : info: [SERVICE] Saving audio chunk for session session_1766988536189_sd7u988
2025-12-29 11:39:27 : info: [SERVICE] Saving video chunk for session session_1766988536189_sd7u988
2025-12-29 11:39:28 : info: [SERVICE] Saving video chunk for session session_1766988536189_sd7u988
2025-12-29 11:39:29 : info: [SERVICE] Saving audio chunk for session session_1766988536189_sd7u988
2025-12-29 11:39:30 : info: [SERVICE] Saving video chunk for session session_1766988536189_sd7u988
2025-12-29 11:39:31 : info: [SERVICE] Saving audio chunk for session session_1766988536189_sd7u988
2025-12-29 11:39:31 : info: [SERVICE] Saving video chunk for session session_1766988536189_sd7u988
2025-12-29 11:39:32 : info: [SERVICE] Saving video chunk for session session_1766988536189_sd7u988
2025-12-29 11:39:33 : info: [SERVICE] Saving audio chunk for session session_1766988536189_sd7u988
2025-12-29 11:39:33 : info: [SERVICE] Saving video chunk for session session_1766988536189_sd7u988
2025-12-29 11:39:34 : info: [SERVICE] Saving video chunk for session session_1766988536189_sd7u988
2025-12-29 11:39:35 : info: [SERVICE] Saving audio chunk for session session_1766988536189_sd7u988
2025-12-29 11:39:35 : info: [SERVICE] Saving video chunk for session session_1766988536189_sd7u988
2025-12-29 11:39:36 : info: [SERVICE] Saving video chunk for session session_1766988536189_sd7u988
2025-12-29 11:39:37 : info: [SERVICE] Saving audio chunk for session session_1766988536189_sd7u988
2025-12-29 11:39:38 : info: [SERVICE] Saving video chunk for session session_1766988536189_sd7u988
2025-12-29 11:39:39 : info: [SERVICE] Saving video chunk for session session_1766988536189_sd7u988
2025-12-29 11:39:39 : info: [SERVICE] Saving audio chunk for session session_1766988536189_sd7u988
2025-12-29 11:39:40 : info: [SERVICE] Saving video chunk for session session_1766988536189_sd7u988
2025-12-29 11:39:41 : info: [SERVICE] Saving video chunk for session session_1766988536189_sd7u988
2025-12-29 11:39:41 : info: [SERVICE] Saving audio chunk for session session_1766988536189_sd7u988
2025-12-29 11:39:42 : info: [SERVICE] Saving video chunk for session session_1766988536189_sd7u988
2025-12-29 11:39:43 : info: [Recording Controller] 🏁 Finalizing session (Eager Flow): session_1766988536189_sd7u988
2025-12-29 11:39:43 : info: [SERVICE] Finalizing recording for session (S3 only): session_1766988536189_sd7u988
2025-12-29 11:39:45 : info: [S3 Service] Successfully uploaded recordings/session_1766988536189_sd7u988/video.webm to S3
2025-12-29 11:39:45 : info: [S3 Service] Successfully uploaded recordings/session_1766988536189_sd7u988/audio.webm to S3
2025-12-29 11:39:45 : info: [S3 Service] Successfully uploaded metadata/session_1766988536189_sd7u988.json to S3
2025-12-29 11:39:45 : info: [S3 Service] Successfully uploaded events/session_1766988536189_sd7u988.json to S3
2025-12-29 11:39:45 : info: [S3 Service] Successfully deleted temp-events/session_1766988536189_sd7u988.json from S3
2025-12-29 11:39:45 : warn: [Frontend Service] No client connected for session: session_1766988536189_sd7u988. Buffering video.
2025-12-29 11:39:45 : info: [Frontend Service] Buffered video message for session: session_1766988536189_sd7u988. Queue size: 1
2025-12-29 11:39:45 : warn: [Frontend Service] No client connected for session: session_1766988536189_sd7u988. Buffering audio.
2025-12-29 11:39:45 : info: [Frontend Service] Buffered audio message for session: session_1766988536189_sd7u988. Queue size: 2
2025-12-29 11:39:45 : info: [Recording Controller] 🤖 Starting Background AI Processing for: session_1766988536189_sd7u988
2025-12-29 11:39:45 : info: [Recording Controller] Transcribing audio file for session: session_1766988536189_sd7u988
2025-12-29 11:39:45 : info: [Deepgram] Transcribing file: D:\Code\FullStack\Clueso_Node_layer\src\uploads\audio_session_1766988536189_sd7u988.webm
2025-12-29 11:39:45 : info: [Deepgram] Building transcription options
2025-12-29 11:39:48 : info: [Deepgram] File transcription complete
2025-12-29 11:39:48 : info: [Deepgram] Formatting result
2025-12-29 11:39:48 : info: [Deepgram] Saved full response to: D:\Code\FullStack\Clueso_Node_layer\deepgram_sessions\deepgram_session_1766988536189_sd7u988.json
2025-12-29 11:39:48 : info: [Deepgram] Final timeline built with
2025-12-29 11:39:48 : info: [S3 Service] Successfully uploaded recordings/session_1766988536189_sd7u988/deepgram.json to S3
2025-12-29 11:39:49 : info: [S3 Service] Successfully uploaded metadata/session_1766988536189_sd7u988.json to S3
2025-12-29 11:39:49 : info: [SERVICE] Deepgram status and duration updated in S3 for session: session_1766988536189_sd7u988
2025-12-29 11:39:49 : info: [Python Controller] Processing with AI:
2025-12-29 11:39:49 : info: [Python Controller] - Text: "This is my product, GitHub. Uh, today we will tell how to, uh, deploy, um, create a repository from ..."
2025-12-29 11:39:49 : info: [Python Controller] - DOM Events: 13
2025-12-29 11:39:49 : info: [Python Controller] - Has Deepgram Response: true
2025-12-29 11:39:49 : info: [Python Controller] - Audio Path: D:\Code\FullStack\Clueso_Node_layer\src\uploads\audio_session_1766988536189_sd7u988.webm
2025-12-29 11:39:49 : info: [Python Controller] - Session ID: session_1766988536189_sd7u988
2025-12-29 11:39:49 : info: [Python Service] Sending session reference session_1766988536189_sd7u988 to Python layer
2025-12-29 11:39:57 : info: [Frontend Service] Client connected: FaTQTyPD_twbf7PwAAAB
2025-12-29 11:39:57 : info: [Frontend Service] Client FaTQTyPD_twbf7PwAAAB registered for session: session_1766988536189_sd7u988
2025-12-29 11:39:57 : info: [Frontend Service] Flushing 2 buffered messages for session: session_1766988536189_sd7u988
2025-12-29 11:39:57 : info: [Frontend Service] Sending buffered video to session: session_1766988536189_sd7u988
2025-12-29 11:39:57 : info: [Frontend Service] Sending buffered audio to session: session_1766988536189_sd7u988
2025-12-29 11:40:23 : info: [Python Service] Successfully received response from Python layer
2025-12-29 11:40:23 : info: [Python Controller] Successfully received response from Python layer
2025-12-29 11:40:23 : info: [Python Controller] Python response:
2025-12-29 11:40:23 : info: [Python Controller] Broadcasting consolidated results to frontend (4 inst, 3 effects, 5 narrations)
2025-12-29 11:40:23 : info: [Frontend Service] Sending Python-processed instructions to session: session_1766988536189_sd7u988
2025-12-29 11:40:23 : info: [Python Controller] Broadcasting audio from Python: http://localhost:8000/https://s3.ap-south-1.amazonaws.com/cdn.vocallabs.ai/recordings/session_1766988536189_sd7u988/processed_audio.webm?X-Amz-Algorithm=AWS4-HMAC-SHA256&X-Amz-Checksum-Mode=ENABLED&X-Amz-Credential=AKIAUJ3VUUAO7GICQNEK%2F20251229%2Fap-south-1%2Fs3%2Faws4_request&X-Amz-Date=20251229T061023Z&X-Amz-Expires=86400&X-Amz-SignedHeaders=host&x-id=GetObject&X-Amz-Signature=3d05c610edb8fc402c407321d78568a170325caef4ac9ad57106f1be80589b73
2025-12-29 11:40:23 : info: [Frontend Service] Sending audio to session: session_1766988536189_sd7u988
2025-12-29 11:40:23 : info: [Recording Controller] ✅ Background AI processing completed for session: session_1766988536189_sd7u988
